1_hop_ocs_byte_share,1_hop_ocs_flow_share,2_hop_ocs_byte_share,2_hop_ocs_flow_share,avg_ocs_hops_all,avg_ocs_hops_all_byte,avg_ocs_hops_core,avg_ocs_hops_core_byte,avg_total_hops_all,avg_total_hops_all_byte,avg_total_hops_core,avg_total_hops_core_byte,bytes,case_dir,core_bytes,core_flows,dataset,direct_eps_byte_share,direct_eps_flow_share,eps_byte_share_all,eps_byte_share_core,eps_flow_share_all,eps_flow_share_core,eps_multi_ocs_byte_share,eps_multi_ocs_flow_share,eps_then_ocs_byte_share,eps_then_ocs_flow_share,flows,ge3_hop_ocs_byte_share,ge3_hop_ocs_flow_share,intra_rack_byte_share,intra_rack_flow_share,label,num_tor,ocs_then_eps_byte_share,ocs_then_eps_flow_share,scheduler,seed
0.06034886340190626,0.05443050986842105,0.1907333219049271,0.17593544407894737,2.441971628289474,2.4161339269807365,2.8770134431391545,2.8354709361364066,2.441971628289474,2.4161339269807365,2.8770134431391545,2.8354709361364066,227232617600.0,/home/xuheng/Desktop/ToN2026/hyacinth/experiments/expe_logs_10round_40tor/frag/batch_20260510_155035_frag/frag0p1,193627248900.0,16514,40 ToRs,0.0,0.0,0.0,0.0,0.0,0.0,0.0,0.0,0.0,0.0,19456,0.6010280924563887,0.618421052631579,0.14788972223677804,0.15121299342105263,Optics-pruned,40,0.0,0.0,pure_ocs_pruned,42
0.005755292148691949,0.006476151315789474,0.05321148709946472,0.046361019736842105,0.8096731085526315,0.8068002359710528,0.953917887852731,0.9468260822870164,2.272872121710526,2.2615623449122295,2.677788543054378,2.6540723705959754,227232617600.0,/home/xuheng/Desktop/ToN2026/hyacinth/experiments/expe_logs_10round_40tor/frag/batch_20260510_155035_frag/frag0p1,193627248900.0,16514,40 ToRs,0.23004641698058756,0.21417557565789475,0.7273810544705884,0.8536231441544796,0.7315995065789473,0.8619353276008236,0.0,0.0,0.0,0.0,19456,0.06576244404447683,0.06435032894736842,0.14788972223677804,0.15121299342105263,Hybrid-ksp,40,0.4973346374900009,0.5174239309210527,ocs_eps_global_ksp,42
0.009215182318966519,0.009868421052631578,0.05431725572834311,0.048416940789473686,2.1696648848684212,2.0901372343298656,2.5561947438537,2.452895228322381,3.0101254111842106,2.9622848005250457,3.546384885551653,3.476410128863841,227232617600.0,/home/xuheng/Desktop/ToN2026/hyacinth/experiments/expe_logs_10round_40tor/frag/batch_20260510_155035_frag/frag0p1,193627248900.0,16514,40 ToRs,0.0976257538829672,0.08845600328947369,0.43607378309758993,0.5117574502707299,0.42023026315789475,0.49509507084897664,0.0,0.0,0.15866667550107913,0.16822574013157895,19456,0.3525040566183224,0.37027138157894735,0.14788972223677804,0.15121299342105263,Hyacinth-dynamic,40,0.17978135371354362,0.16354851973684212,ocs_eps_preset_dynamic_greedy,42
0.020016630306159005,0.020096628289473683,0.14314106814214686,0.13939144736842105,1.0077097039473684,0.9738910084183267,1.1872350732711638,1.1429166316063897,1.9137541118421053,1.9067346724962428,2.2546929877679545,2.2376618640270314,227232617600.0,/home/xuheng/Desktop/ToN2026/hyacinth/experiments/expe_logs_10round_40tor/frag/batch_20260510_155035_frag/frag0p1,193627248900.0,16514,40 ToRs,0.46642183203895815,0.4530222039473684,0.46642183203895815,0.547372616210321,0.4530222039473684,0.5337289572483953,0.0,0.0,0.0,0.0,19456,0.22253074727595798,0.2362767269736842,0.14788972223677804,0.15121299342105263,Hyacinth-pruned,40,0.0,0.0,ocs_eps_pruned,42
0.045059325195743995,0.04594983552631579,0.22990154747072697,0.21998355263157895,2.495631167763158,2.485589487971129,2.8223087654033945,2.818816454308177,2.495631167763158,2.485589487971129,2.8223087654033945,2.818816454308177,229396158400.0,/home/xuheng/Desktop/ToN2026/hyacinth/experiments/expe_logs_10round_40tor/frag/batch_20260510_155035_frag/frag0p1,202278044400.0,17204,40 ToRs,0.0,0.0,0.0,0.0,0.0,0.0,0.0,0.0,0.0,0.0,19456,0.6068239218604107,0.6183182565789473,0.11821520547311833,0.1157483552631579,Optics-pruned,40,0.0,0.0,pure_ocs_pruned,43
0.01269996420306226,0.01274671052631579,0.035195622090243336,0.03407689144736842,0.8224198190789473,0.8137655425532183,0.9300744013020228,0.922861845207754,2.367752878289474,2.351626835700314,2.6776912345966055,2.666894292458366,229396158400.0,/home/xuheng/Desktop/ToN2026/hyacinth/experiments/expe_logs_10round_40tor/frag/batch_20260510_155035_frag/frag0p1,202278044400.0,17204,40 ToRs,0.23313199738396317,0.22543174342105263,0.7689306465735478,0.8720162236253061,0.7726665296052632,0.8738084166472914,0.0,0.0,0.0,0.0,19456,0.06495856166002822,0.06476151315789473,0.11821520547311833,0.1157483552631579,Hybrid-ksp,40,0.5357986491895846,0.5472347861842105,ocs_eps_global_ksp,43
0.01987889872178435,0.019274259868421052,0.04368469406765794,0.03998766447368421,2.2644428453947367,2.1591097987628722,2.56085794001395,2.4485677368947316,3.1436574835526314,3.0670200229473417,3.5551615903278306,3.4781956345628977,229396158400.0,/home/xuheng/Desktop/ToN2026/hyacinth/experiments/expe_logs_10round_40tor/frag/batch_20260510_155035_frag/frag0p1,202278044400.0,17204,40 ToRs,0.1058588150271308,0.09040912828947369,0.4539551120922346,0.5148139488340832,0.43960731907894735,0.49715182515694023,0.0,0.0,0.16680070828945495,0.18816817434210525,19456,0.3642660896452048,0.3853824013157895,0.11821520547311833,0.1157483552631579,Hyacinth-dynamic,40,0.18129558877564883,0.16103001644736842,ocs_eps_preset_dynamic_greedy,43
0.046269671968490994,0.048416940789473686,0.1147760890314892,0.11831825657894737,0.9679790296052632,0.9223722750014457,1.0946872820274354,1.0460287824495105,1.947728207236842,1.9328167254085977,2.202685421994885,2.191937009353448,229396158400.0,/home/xuheng/Desktop/ToN2026/hyacinth/experiments/expe_logs_10round_40tor/frag/batch_20260510_155035_frag/frag0p1,202278044400.0,17204,40 ToRs,0.5052222252035761,0.4898745888157895,0.5052222252035761,0.5729541134519689,0.4898745888157895,0.5539990699837247,0.0,0.0,0.0,0.0,19456,0.21551680832332543,0.22764185855263158,0.11821520547311833,0.1157483552631579,Hyacinth-pruned,40,0.0,0.0,ocs_eps_pruned,43
0.12618869214108555,0.10829564144736842,0.16120490923231331,0.15707236842105263,2.4071237664473686,2.368444294971175,2.756341592607851,2.711544656687435,2.4071237664473686,2.368444294971175,2.756341592607851,2.711544656687435,215674682400.0,/home/xuheng/Desktop/ToN2026/hyacinth/experiments/expe_logs_10round_40tor/frag/batch_20260510_155035_frag/frag0p1,188384679500.0,16991,40 ToRs,0.0,0.0,0.0,0.0,0.0,0.0,0.0,0.0,0.0,0.0,19456,0.586073220989243,0.6079358552631579,0.12653317763735814,0.12669613486842105,Optics-pruned,40,0.0,0.0,pure_ocs_pruned,44
0.022770127885905257,0.02425986842105263,0.029188597057138867,0.03145559210526316,0.8006270559210527,0.8146174388431602,0.9167794714849038,0.9326255079038951,2.3212890625,2.3339401843486844,2.6580542640221294,2.672042171030155,215674682400.0,/home/xuheng/Desktop/ToN2026/hyacinth/experiments/expe_logs_10round_40tor/frag/batch_20260510_155035_frag/frag0p1,188384679500.0,16991,40 ToRs,0.2117314299102916,0.21864720394736842,0.7596613727527622,0.8697083315631301,0.7603310032894737,0.8706373962686128,0.0,0.0,0.0,0.0,19456,0.06184672466683554,0.05725740131578947,0.12653317763735814,0.12669613486842105,Hybrid-ksp,40,0.5479299428424707,0.5416837993421053,ocs_eps_global_ksp,44
0.031841632608798034,0.034333881578947366,0.03372288308977707,0.03289473684210526,2.21484375,2.158704708031136,2.536166205638279,2.4714215271417546,3.0870682565789473,3.04167784368556,3.5349302571949854,3.4823049551648917,215674682400.0,/home/xuheng/Desktop/ToN2026/hyacinth/experiments/expe_logs_10round_40tor/frag/batch_20260510_155035_frag/frag0p1,188384679500.0,16991,40 ToRs,0.10985305663303946,0.08809621710526316,0.44148656782721196,0.5054417140115686,0.4361122532894737,0.4993820257783532,0.0,0.0,0.15564037292863078,0.18590666118421054,19456,0.3664157388368548,0.36996299342105265,0.12653317763735814,0.12669613486842105,Hyacinth-dynamic,40,0.17599313826554172,0.162109375,ocs_eps_preset_dynamic_greedy,44
0.07747489234276485,0.08162006578947369,0.09908879411429702,0.10608552631578948,0.9161184210526315,0.8783155416854806,1.049025954917309,1.0055511202013643,1.8724300986842106,1.8703464394205596,2.1440762756753577,2.1412907640400767,215674682400.0,/home/xuheng/Desktop/ToN2026/hyacinth/experiments/expe_logs_10round_40tor/frag/batch_20260510_155035_frag/frag0p1,188384679500.0,16991,40 ToRs,0.4960154488675394,0.4781558388157895,0.4960154488675394,0.5678698219193562,0.4781558388157895,0.5475251603790242,0.0,0.0,0.0,0.0,19456,0.20088768703804058,0.20744243421052633,0.12653317763735814,0.12669613486842105,Hyacinth-pruned,40,0.0,0.0,ocs_eps_pruned,44
0.07110991459700593,0.07185444078947369,0.17326098239451987,0.1630859375,2.5127981085526314,2.5285466471845526,2.8392473430512806,2.84214816648894,2.5127981085526314,2.5285466471845526,2.8392473430512806,2.84214816648894,223232173600.0,/home/xuheng/Desktop/ToN2026/hyacinth/experiments/expe_logs_10round_40tor/frag/batch_20260510_155035_frag/frag0p1,198600822700.0,17219,40 ToRs,0.0,0.0,0.0,0.0,0.0,0.0,0.0,0.0,0.0,0.0,19456,0.6452894933421013,0.6500822368421053,0.11033960966637293,0.11497738486842106,Optics-pruned,40,0.0,0.0,pure_ocs_pruned,45
0.017730912332970267,0.016293174342105265,0.03925067815583013,0.036287006578947366,0.8065892269736842,0.808893288489666,0.91137696730356,0.9092158055798426,2.3570620888157894,2.36155940919441,2.6632789360590046,2.6544504339558306,223232173600.0,/home/xuheng/Desktop/ToN2026/hyacinth/experiments/expe_logs_10round_40tor/frag/batch_20260510_155035_frag/frag0p1,198600822700.0,17219,40 ToRs,0.2327092589847004,0.22913240131578946,0.776333060352372,0.872617314187994,0.7752364309210527,0.8759509843777222,0.0,0.0,0.0,0.0,19456,0.0563457394924546,0.057206003289473686,0.11033960966637293,0.11497738486842106,Hybrid-ksp,40,0.5436238013676716,0.5461040296052632,ocs_eps_global_ksp,45
0.025945498386707462,0.024773848684210526,0.045881693641314794,0.04764597039473684,2.2458367598684212,2.2226670994525497,2.537603809745049,2.498332086717987,3.1357421875,3.1233748287975276,3.5431209710203846,3.510749565490093,223232173600.0,/home/xuheng/Desktop/ToN2026/hyacinth/experiments/expe_logs_10round_40tor/frag/batch_20260510_155035_frag/frag0p1,198600822700.0,17219,40 ToRs,0.10331616105358749,0.08573190789473684,0.4503538646724891,0.5062087393860529,0.4449527138157895,0.5027585806376677,0.0,0.0,0.16796871658467782,0.18374794407894737,19456,0.3674793336331157,0.3676500822368421,0.11033960966637293,0.11497738486842106,Hyacinth-dynamic,40,0.1790689870342238,0.17547286184210525,ocs_eps_preset_dynamic_greedy,45
0.062058931634216725,0.05967310855263158,0.1199775075791315,0.12443462171052631,0.9368832236842105,0.864425293576947,1.0585980602822465,0.9716351351247449,1.9198190789473684,1.9047322979611931,2.1692316626981825,2.140965607389702,223232173600.0,/home/xuheng/Desktop/ToN2026/hyacinth/experiments/expe_logs_10round_40tor/frag/batch_20260510_155035_frag/frag0p1,198600822700.0,17219,40 ToRs,0.5201535021921231,0.4914679276315789,0.5201535021921231,0.5846652361324786,0.4914679276315789,0.5553168012079679,0.0,0.0,0.0,0.0,19456,0.18747044892815576,0.20944695723684212,0.11033960966637293,0.11497738486842106,Hyacinth-pruned,40,0.0,0.0,ocs_eps_pruned,45
0.07852283776662206,0.0747327302631579,0.15822549381767528,0.15892269736842105,2.6222245065789473,2.5829960732022066,2.8477811889478093,2.833656395542652,2.6222245065789473,2.5829960732022066,2.8477811889478093,2.833656395542652,210495381600.0,/home/xuheng/Desktop/ToN2026/hyacinth/experiments/expe_logs_10round_40tor/frag/batch_20260510_155035_frag/frag0p1,191875325800.0,17915,40 ToRs,0.0,0.0,0.0,0.0,0.0,0.0,0.0,0.0,0.0,0.0,19456,0.6747934055385469,0.6871402138157895,0.08845826287715569,0.07920435855263158,Optics-pruned,40,0.0,0.0,pure_ocs_pruned,46
0.025046777558372806,0.026932565789473683,0.028257372464840814,0.03196957236842105,0.8596833881578947,0.8430470951482386,0.9336310354451577,0.9248584686963435,2.448293585526316,2.4209211828142077,2.658889198995255,2.6558533572532963,210495381600.0,/home/xuheng/Desktop/ToN2026/hyacinth/experiments/expe_logs_10round_40tor/frag/batch_20260510_155035_frag/frag0p1,191875325800.0,17915,40 ToRs,0.23535310097273887,0.22825863486842105,0.7889370438329845,0.8654974442784764,0.7943050986842105,0.8626290817750488,0.0,0.0,0.0,0.0,19456,0.06930054326664618,0.06758840460526316,0.08845826287715569,0.07920435855263158,Hybrid-ksp,40,0.5535839428602456,0.5660464638157895,ocs_eps_global_ksp,46
0.03308006544880888,0.03489925986842105,0.033741001565043366,0.03638980263157895,2.265059621710526,2.1974606724578134,2.459893943622663,2.410707686730609,3.218801398026316,3.166183273638152,3.4956740161875524,3.4734375231481693,210495381600.0,/home/xuheng/Desktop/ToN2026/hyacinth/experiments/expe_logs_10round_40tor/frag/batch_20260510_155035_frag/frag0p1,191875325800.0,17915,40 ToRs,0.10448560074251054,0.09118009868421052,0.48436130059016935,0.53136491820878,0.47687088815789475,0.5178900362824449,0.0,0.0,0.17918598219734053,0.20476973684210525,19456,0.36035936951882275,0.3726356907894737,0.08845826287715569,0.07920435855263158,Hyacinth-dynamic,40,0.20068971765031826,0.18092105263157895,ocs_eps_preset_dynamic_greedy,46
0.08372130146536194,0.09220805921052631,0.09880765954059298,0.10428659539473684,1.016395970394737,0.924655961667902,1.103823611498744,1.0143868613042897,1.9879214638157894,1.9538019531541113,2.158917108568239,2.143403723148232,210495381600.0,/home/xuheng/Desktop/ToN2026/hyacinth/experiments/expe_logs_10round_40tor/frag/batch_20260510_155035_frag/frag0p1,191875325800.0,17915,40 ToRs,0.5145729957431047,0.4857627467105263,0.5145729957431047,0.5645084309219711,0.4857627467105263,0.5275467485347474,0.0,0.0,0.0,0.0,19456,0.2144397803737847,0.23853824013157895,0.08845826287715569,0.07920435855263158,Hyacinth-pruned,40,0.0,0.0,ocs_eps_pruned,46
0.10691533206206823,0.1069592927631579,0.19652352188273683,0.18359375,2.399928042763158,2.379593562730247,2.706840579710145,2.6973248691869296,2.399928042763158,2.379593562730247,2.706840579710145,2.6973248691869296,226968447200.0,/home/xuheng/Desktop/ToN2026/hyacinth/experiments/expe_logs_10round_40tor/frag/batch_20260510_155035_frag/frag0p1,200232705400.0,17250,40 ToRs,0.0,0.0,0.0,0.0,0.0,0.0,0.0,0.0,0.0,0.0,19456,0.5787661744200363,0.5960629111842105,0.11779497163515863,0.11338404605263158,Optics-pruned,40,0.0,0.0,pure_ocs_pruned,47
0.02074694151584256,0.01947985197368421,0.021880495114036273,0.0234375,0.8040707236842105,0.7867854492683862,0.9068985507246377,0.8918396789538658,2.3724300986842106,2.3593421733556275,2.675826086956522,2.6743694464410908,226968447200.0,/home/xuheng/Desktop/ToN2026/hyacinth/experiments/expe_logs_10round_40tor/frag/batch_20260510_155035_frag/frag0p1,200232705400.0,17250,40 ToRs,0.22389853359317516,0.22502055921052633,0.7862783620436207,0.8912648837436125,0.7841796875,0.8844637681159421,0.0,0.0,0.0,0.0,19456,0.05329922969134187,0.05951891447368421,0.11779497163515863,0.11338404605263158,Hybrid-ksp,40,0.5623798284504455,0.5591591282894737,ocs_eps_global_ksp,47
0.027709272269277788,0.02842310855263158,0.024632058195620418,0.024979440789473683,2.2590974506578947,2.154168508141426,2.548,2.441800305915459,3.1598992598684212,3.0771717677768913,3.564,3.488046053739231,226968447200.0,/home/xuheng/Desktop/ToN2026/hyacinth/experiments/expe_logs_10round_40tor/frag/batch_20260510_155035_frag/frag0p1,200232705400.0,17250,40 ToRs,0.09201451813078272,0.0830078125,0.4615016298177327,0.5231228739118859,0.45040090460526316,0.508,0.0,0.0,0.17398798946358568,0.19186883223684212,19456,0.3683620680822105,0.3828125,0.11779497163515863,0.11338404605263158,Hyacinth-dynamic,40,0.19549912222336427,0.17552425986842105,ocs_eps_preset_dynamic_greedy,47
0.06522111633850046,0.06830797697368421,0.07078361903689316,0.07591488486842106,0.8575760690789473,0.7899721199661095,0.9672463768115942,0.8954518446016062,1.9174033717105263,1.8935835289091232,2.1626086956521737,2.146421147042046,226968447200.0,/home/xuheng/Desktop/ToN2026/hyacinth/experiments/expe_logs_10round_40tor/frag/batch_20260510_155035_frag/frag0p1,200232705400.0,17250,40 ToRs,0.5518057044715068,0.5299136513157895,0.5518057044715068,0.6254846512202197,0.5299136513157895,0.5976811594202899,0.0,0.0,0.0,0.0,19456,0.19439458851794092,0.21247944078947367,0.11779497163515863,0.11338404605263158,Hyacinth-pruned,40,0.0,0.0,ocs_eps_pruned,47
0.031058844400441495,0.03243215460526316,0.15583556080141725,0.16925370065789475,2.4626850328947367,2.478119735753689,2.9144768856447687,2.951225177559743,2.4626850328947367,2.478119735753689,2.9144768856447687,2.951225177559743,222184702400.0,/home/xuheng/Desktop/ToN2026/hyacinth/experiments/expe_logs_10round_40tor/frag/batch_20260510_155035_frag/frag0p1,186566684300.0,16440,40 ToRs,0.0,0.0,0.0,0.0,0.0,0.0,0.0,0.0,0.0,0.0,19456,0.6527974470487218,0.643297697368421,0.16030814774941948,0.15501644736842105,Optics-pruned,40,0.0,0.0,pure_ocs_pruned,48
0.02014243578274361,0.01947985197368421,0.03342417781144234,0.028011924342105265,0.7527240953947368,0.7515064979559096,0.8908150851581509,0.8949789091577911,2.2542660361842106,2.236158088442726,2.667822384428224,2.663069889804543,222184702400.0,/home/xuheng/Desktop/ToN2026/hyacinth/experiments/expe_logs_10round_40tor/frag/batch_20260510_155035_frag/frag0p1,186566684300.0,16440,40 ToRs,0.20920841893208575,0.21371299342105263,0.7423257952434082,0.884045490323376,0.7507709703947368,0.8885036496350365,0.0,0.0,0.0,0.0,19456,0.04379944341298629,0.046720805921052634,0.16030814774941948,0.15501644736842105,Hybrid-ksp,40,0.5331173763113225,0.5370579769736842,ocs_eps_global_ksp,48
0.029992916380007267,0.027549342105263157,0.03759547849051195,0.03392269736842105,2.181178042763158,2.1176920805867328,2.5813260340632604,2.5219871729263508,3.0211245888157894,2.955894468907415,3.5753649635036497,3.520213350867811,222184702400.0,/home/xuheng/Desktop/ToN2026/hyacinth/experiments/expe_logs_10round_40tor/frag/batch_20260510_155035_frag/frag0p1,186566684300.0,16440,40 ToRs,0.1074466470559316,0.0874280427631579,0.4191011941603411,0.49911308897073003,0.41997327302631576,0.49701946472019465,0.0,0.0,0.14661713586992656,0.17521587171052633,19456,0.3530022632197202,0.3635382401315789,0.16030814774941948,0.15501644736842105,Hyacinth-dynamic,40,0.1650374112344829,0.15732935855263158,ocs_eps_preset_dynamic_greedy,48
0.07621506033981573,0.07421875,0.09997088890490599,0.0947265625,0.751696134868421,0.7004813464601513,0.8895985401459854,0.8342123894410659,1.7784231085526316,1.7446101469315198,2.104683698296837,2.0776790226742534,222184702400.0,/home/xuheng/Desktop/ToN2026/hyacinth/experiments/expe_logs_10round_40tor/frag/batch_20260510_155035_frag/frag0p1,186566684300.0,16440,40 ToRs,0.5220644002356842,0.5133634868421053,0.5220644002356842,0.6217333166165938,0.5133634868421053,0.6075425790754257,0.0,0.0,0.0,0.0,19456,0.1414415027701745,0.16267475328947367,0.16030814774941948,0.15501644736842105,Hyacinth-pruned,40,0.0,0.0,ocs_eps_pruned,48
0.06287666972756868,0.054276315789473686,0.2818361244490713,0.29178659539473684,2.355057565789474,2.2932225896422738,2.6753079932270682,2.6591507846604396,2.355057565789474,2.2932225896422738,2.6753079932270682,2.6591507846604396,209722056800.0,/home/xuheng/Desktop/ToN2026/hyacinth/experiments/expe_logs_10round_40tor/frag/batch_20260510_155035_frag/frag0p1,180862010900.0,17127,40 ToRs,0.0,0.0,0.0,0.0,0.0,0.0,0.0,0.0,0.0,0.0,19456,0.5176762823928208,0.5342310855263158,0.13761092343053924,0.11970600328947369,Optics-pruned,40,0.0,0.0,pure_ocs_pruned,49
0.019621689119348747,0.018246299342105265,0.028946130381456377,0.026829769736842105,0.814453125,0.794679530341131,0.9252058153792257,0.9214860808561318,2.3553659539473686,2.3042631575030406,2.6756583172768145,2.6719530895141674,209722056800.0,/home/xuheng/Desktop/ToN2026/hyacinth/experiments/expe_logs_10round_40tor/frag/batch_20260510_155035_frag/frag0p1,180862010900.0,17127,40 ToRs,0.21471456358518795,0.22219366776315788,0.7547918135809547,0.8752335043290177,0.7704564144736842,0.8752262509487942,0.0,0.0,0.0,0.0,19456,0.05902944348770091,0.06476151315789473,0.13761092343053924,0.11970600328947369,Hybrid-ksp,40,0.5400772499957668,0.5482627467105263,ocs_eps_global_ksp,49
0.020239464864908765,0.021484375,0.038611872416082466,0.030684621710526317,2.242701480263158,2.1385159512702243,2.5476732644362703,2.4797576979721616,3.1247944078947367,3.013386572890029,3.549716821393122,3.4942309159076146,209722056800.0,/home/xuheng/Desktop/ToN2026/hyacinth/experiments/expe_logs_10round_40tor/frag/batch_20260510_155035_frag/frag0p1,180862010900.0,17127,40 ToRs,0.11636164012673368,0.09174547697368421,0.4374353108099024,0.5072366089677266,0.4410464638157895,0.5010217784784259,0.0,0.0,0.14705068446572664,0.17737458881578946,19456,0.36610242847856717,0.3870785361842105,0.13761092343053924,0.11970600328947369,Hyacinth-dynamic,40,0.17402298621744205,0.1719263980263158,ocs_eps_preset_dynamic_greedy,49
0.05779889337800925,0.06512129934210527,0.090135652817992,0.08002672697368421,0.8596833881578947,0.7876611755602427,0.9765866760086414,0.9133478112843431,1.906969572368421,1.8501762519429954,2.1662871489461084,2.145407800505662,209722056800.0,/home/xuheng/Desktop/ToN2026/hyacinth/experiments/expe_logs_10round_40tor/frag/batch_20260510_155035_frag/frag0p1,180862010900.0,17127,40 ToRs,0.5312575381913763,0.5236430921052632,0.5312575381913763,0.6160299946106593,0.5236430921052632,0.5948502364687336,0.0,0.0,0.0,0.0,19456,0.18319699218208316,0.21150287828947367,0.13761092343053924,0.11970600328947369,Hyacinth-pruned,40,0.0,0.0,ocs_eps_pruned,49
0.06485607439777964,0.06229440789473684,0.17667757462283298,0.17665501644736842,2.484837582236842,2.4590621505607384,2.8316640309260235,2.8233917874036543,2.484837582236842,2.4590621505607384,2.8316640309260235,2.8233917874036543,214301191200.0,/home/xuheng/Desktop/ToN2026/hyacinth/experiments/expe_logs_10round_40tor/frag/batch_20260510_155035_frag/frag0p1,186647829200.0,17073,40 ToRs,0.0,0.0,0.0,0.0,0.0,0.0,0.0,0.0,0.0,0.0,19456,0.6294266482826718,0.6385690789473685,0.12903970269671558,0.12248149671052631,Optics-pruned,40,0.0,0.0,pure_ocs_pruned,50
0.008966918425603227,0.011513157894736841,0.035772429248167426,0.03392269736842105,0.8439041940789473,0.8250209395009653,0.9616939026533122,0.9472543605666537,2.3546977796052633,2.3292306678508092,2.6833596907397643,2.674324736802243,214301191200.0,/home/xuheng/Desktop/ToN2026/hyacinth/experiments/expe_logs_10round_40tor/frag/batch_20260510_155035_frag/frag0p1,186647829200.0,17073,40 ToRs,0.22994395795967,0.22090871710526316,0.7521048641749221,0.8635351881177946,0.7553967927631579,0.8608328940432262,0.0,0.0,0.0,0.0,19456,0.07411608545459172,0.0766858552631579,0.12903970269671558,0.12248149671052631,Hybrid-ksp,40,0.522160906215252,0.5344880756578947,ocs_eps_global_ksp,50
0.014325221352292698,0.014031661184210526,0.039134879059878974,0.041015625,2.263671875,2.163791162818324,2.5796286534293915,2.484374051857443,3.1219161184210527,3.0527950938426702,3.557664148070052,3.5050909935790457,214301191200.0,/home/xuheng/Desktop/ToN2026/hyacinth/experiments/expe_logs_10round_40tor/frag/batch_20260510_155035_frag/frag0p1,186647829200.0,17073,40 ToRs,0.09753299635415186,0.08162006578947369,0.444501965512173,0.5103584708608012,0.4291221217105263,0.4890177473203303,0.0,0.0,0.16620841629740787,0.18441611842105263,19456,0.3729982313789397,0.39334909539473684,0.12903970269671558,0.12248149671052631,Hyacinth-dynamic,40,0.18076055286061332,0.1630859375,ocs_eps_preset_dynamic_greedy,50
0.037861917400298616,0.04122121710526316,0.10945265664953523,0.10916940789473684,1.0370065789473684,0.9573508810248741,1.1817489603467464,1.0991900365482525,1.9729646381578947,1.9375865606481053,2.2483453405962632,2.224655436817692,214301191200.0,/home/xuheng/Desktop/ToN2026/hyacinth/experiments/expe_logs_10round_40tor/frag/batch_20260510_155035_frag/frag0p1,186647829200.0,17073,40 ToRs,0.49011783981161555,0.46797902960526316,0.49011783981161555,0.5627327001347198,0.46797902960526316,0.5332981901247584,0.0,0.0,0.0,0.0,19456,0.233527883441835,0.2591488486842105,0.12903970269671558,0.12248149671052631,Hyacinth-pruned,40,0.0,0.0,ocs_eps_pruned,50
0.06303491040647786,0.060546875,0.20142947103253633,0.18801398026315788,2.4986636513157894,2.463638178164441,2.8572939931820853,2.826797040584701,2.4986636513157894,2.463638178164441,2.8572939931820853,2.826797040584701,216667405600.0,/home/xuheng/Desktop/ToN2026/hyacinth/experiments/expe_logs_10round_40tor/frag/batch_20260510_155035_frag/frag0p1,188832125100.0,17014,40 ToRs,0.0,0.0,0.0,0.0,0.0,0.0,0.0,0.0,0.0,0.0,19456,0.6070655313186618,0.6259251644736842,0.128470087242324,0.12551398026315788,Optics-pruned,40,0.0,0.0,pure_ocs_pruned,51
0.022594036636214745,0.019993832236842105,0.04190967799173204,0.04034745065789474,0.7989823190789473,0.7959610123286582,0.9136593393675796,0.9132916732715413,2.3264288651315788,2.312594848830368,2.660338544727871,2.6534887844674264,216667405600.0,/home/xuheng/Desktop/ToN2026/hyacinth/experiments/expe_logs_10round_40tor/frag/batch_20260510_155035_frag/frag0p1,188832125100.0,17014,40 ToRs,0.2148971381784986,0.21669407894736842,0.7583169182508548,0.8700985555979426,0.7637232730263158,0.8733396026801458,0.0,0.0,0.0,0.0,19456,0.048709279878874405,0.05042146381578947,0.128470087242324,0.12551398026315788,Hybrid-ksp,40,0.5434197800723563,0.5470291940789473,ocs_eps_global_ksp,51
0.029101479212062898,0.027652138157894735,0.05008155366032592,0.05144942434210526,2.232421875,2.1417589222289557,2.552838838603503,2.45747035285576,3.083059210526316,3.0302969774425543,3.525567179969437,3.476985623883126,216667405600.0,/home/xuheng/Desktop/ToN2026/hyacinth/experiments/expe_logs_10round_40tor/frag/batch_20260510_155035_frag/frag0p1,188832125100.0,17014,40 ToRs,0.10044972911237,0.08146587171052631,0.44426902760679937,0.509757635513683,0.4253186677631579,0.48636417068296695,0.0,0.0,0.16490566128789239,0.1826171875,19456,0.3480778522784878,0.37006578947368424,0.128470087242324,0.12551398026315788,Hyacinth-dynamic,40,0.178913637206537,0.16123560855263158,ocs_eps_preset_dynamic_greedy,51
0.06360736291568905,0.06424753289473684,0.12424098228090844,0.13116776315789475,0.842053865131579,0.7584151323774377,0.9629128952627248,0.8702112472280809,1.8565481085526316,1.8282277308996402,2.12301633948513,2.0977222974651575,216667405600.0,/home/xuheng/Desktop/ToN2026/hyacinth/experiments/expe_logs_10round_40tor/frag/batch_20260510_155035_frag/frag0p1,188832125100.0,17014,40 ToRs,0.5349062992611012,0.5072471217105263,0.5349062992611012,0.6137555251185383,0.5072471217105263,0.5800517221112026,0.0,0.0,0.0,0.0,19456,0.14877526829997728,0.1718236019736842,0.128470087242324,0.12551398026315788,Hyacinth-pruned,40,0.0,0.0,ocs_eps_pruned,51
0.022453109184418528,0.018836069915254237,0.21543965091382974,0.1714115466101695,2.4762976694915255,2.4252586963630782,2.76785317842078,2.711064315968655,2.4762976694915255,2.4252586963630782,2.76785317842078,2.711064315968655,333309749600.0,/home/xuheng/Desktop/ToN2026/hyacinth/experiments/expe_logs_10round_80tor/frag/batch_20260422_200323_frag/frag0p1,298171594100.0,27026,80 ToRs,0.0,0.0,0.0,0.0,0.0,0.0,0.0,0.0,0.0,0.0,30208,0.6566853146740356,0.7044160487288136,0.10542192522771617,0.1053363347457627,Optics-pruned,80,0.0,0.0,pure_ocs_pruned,42
0.01780332680673557,0.0178760593220339,0.10211476604223521,0.10689221398305085,1.1613479872881356,1.1572126040803938,1.2980833271664323,1.2935848046297849,2.323622881355932,2.332851252725552,2.5972026937023607,2.6077670787084544,333309749600.0,/home/xuheng/Desktop/ToN2026/hyacinth/experiments/expe_logs_10round_80tor/frag/batch_20260422_200323_frag/frag0p1,298171594100.0,27026,80 ToRs,0.2131615519355933,0.217723781779661,0.587819324322579,0.6570911370393347,0.5811374470338984,0.6495596832679642,0.0,0.0,0.0,0.0,30208,0.18684065760073404,0.18875794491525424,0.10542192522771617,0.1053363347457627,Hybrid-ksp,80,0.3746577723869857,0.3634136652542373,ocs_eps_global_ksp,42
0.019169797186154677,0.017710540254237288,0.10180087123380084,0.09636520127118645,1.9900026483050848,1.9632621136504553,2.2243025234958926,2.19462355384711,2.5644862288135593,2.5120602145746536,2.866424924147118,2.8080949951898857,333309749600.0,/home/xuheng/Desktop/ToN2026/hyacinth/experiments/expe_logs_10round_80tor/frag/batch_20260422_200323_frag/frag0p1,298171594100.0,27026,80 ToRs,0.08577057897138692,0.05429025423728814,0.27439905046209906,0.3067357206713877,0.2872417902542373,0.32106120032561236,0.0,0.0,0.08374070885564039,0.1263241525423729,30208,0.49920835589022927,0.4933461334745763,0.10542192522771617,0.1053363347457627,Hyacinth-dynamic,80,0.10488776263507174,0.10662738347457627,ocs_eps_preset_dynamic_greedy,42
0.025590168035096686,0.020822298728813558,0.15123846530290633,0.1264896716101695,2.155455508474576,2.003059888890811,2.4092355509509362,2.239111314460387,2.3957229872881354,2.3218969115927717,2.6777917560867315,2.595521818689569,333309749600.0,/home/xuheng/Desktop/ToN2026/hyacinth/experiments/expe_logs_10round_80tor/frag/batch_20260422_200323_frag/frag0p1,298171594100.0,27026,80 ToRs,0.15941851135098029,0.12013373940677965,0.15941851135098029,0.178205252114591,0.12013373940677965,0.13427810256789757,0.0,0.0,0.0,0.0,30208,0.5583309300833005,0.6272179555084746,0.10542192522771617,0.1053363347457627,Hyacinth-pruned,80,0.0,0.0,ocs_eps_pruned,42
0.021423965321133026,0.015989141949152543,0.20646281688942963,0.17422537076271186,2.4666644597457625,2.416799617302658,2.76855911421565,2.719466886119864,2.4666644597457625,2.416799617302658,2.76855911421565,2.719466886119864,343479364800.0,/home/xuheng/Desktop/ToN2026/hyacinth/experiments/expe_logs_10round_80tor/frag/batch_20260422_200323_frag/frag0p1,305251298200.0,26914,80 ToRs,0.0,0.0,0.0,0.0,0.0,0.0,0.0,0.0,0.0,0.0,30208,0.6608166727342218,0.7007415254237288,0.1112965450552155,0.10904396186440678,Optics-pruned,80,0.0,0.0,pure_ocs_pruned,43
0.020946887462044126,0.022179555084745763,0.12241057311982079,0.12192134533898305,1.1593617584745763,1.1662869818489894,1.301255851972951,1.3123466273926563,2.28614936440678,2.2873650571628166,2.565950806271829,2.5738226226485548,343479364800.0,/home/xuheng/Desktop/ToN2026/hyacinth/experiments/expe_logs_10round_80tor/frag/batch_20260422_200323_frag/frag0p1,305251298200.0,26914,80 ToRs,0.2144409596276277,0.2204382944915254,0.5605390376569137,0.6307379976279491,0.5633938029661016,0.632347477149439,0.0,0.0,0.0,0.0,30208,0.1848069567060059,0.1834613347457627,0.1112965450552155,0.10904396186440678,Hybrid-ksp,80,0.34609807802928605,0.3429555084745763,ocs_eps_global_ksp,43
0.025626209030418005,0.021219544491525424,0.12071159594737901,0.1156978283898305,1.9437897245762712,1.8939024630454306,2.1816898268559113,2.1310848433272938,2.5297934322033897,2.461698837985041,2.8394144311510736,2.7699890489769587,343479364800.0,/home/xuheng/Desktop/ToN2026/hyacinth/experiments/expe_logs_10round_80tor/frag/batch_20260422_200323_frag/frag0p1,305251298200.0,26914,80 ToRs,0.07865101304042006,0.05177436440677966,0.28389818746980516,0.3194521028248325,0.2930018538135593,0.32886230214758116,0.0,0.0,0.09520813781358198,0.1306938559322034,30208,0.4584674624971823,0.461036811440678,0.1112965450552155,0.10904396186440678,Hyacinth-dynamic,80,0.11003903661580312,0.11053363347457627,ocs_eps_preset_dynamic_greedy,43
0.034978025556194926,0.02684719279661017,0.17472908841247514,0.1502582097457627,2.1055349576271185,1.9629143255595074,2.363231032176562,2.2087393884177753,2.3477886652542375,2.2685882587261617,2.6351341309355725,2.5526943167640885,343479364800.0,/home/xuheng/Desktop/ToN2026/hyacinth/experiments/expe_logs_10round_80tor/frag/batch_20260422_200323_frag/frag0p1,305251298200.0,26914,80 ToRs,0.15283696658332704,0.12112685381355932,0.15283696658332704,0.17197746417315646,0.12112685381355932,0.1359515493795051,0.0,0.0,0.0,0.0,30208,0.5261593743927874,0.592723781779661,0.1112965450552155,0.10904396186440678,Hyacinth-pruned,80,0.0,0.0,ocs_eps_pruned,43
0.03934923546371377,0.030058262711864406,0.2030972762813154,0.17167637711864406,2.4651747881355934,2.4190659585508754,2.748809567753128,2.692791867122606,2.4651747881355934,2.4190659585508754,2.748809567753128,2.692791867122606,329451204000.0,/home/xuheng/Desktop/ToN2026/hyacinth/experiments/expe_logs_10round_80tor/frag/batch_20260422_200323_frag/frag0p1,295962046800.0,27091,80 ToRs,0.0,0.0,0.0,0.0,0.0,0.0,0.0,0.0,0.0,0.0,30208,0.6559021456786056,0.6950807733050848,0.10165134257636527,0.10318458686440678,Optics-pruned,80,0.0,0.0,pure_ocs_pruned,44
0.020644271799352718,0.020822298728813558,0.1147010484138343,0.11986890889830508,1.1485037076271187,1.1556198437811749,1.2806467092392309,1.2863823352231256,2.305614406779661,2.3113995737590325,2.5708907017090548,2.572942648334192,329451204000.0,/home/xuheng/Desktop/ToN2026/hyacinth/experiments/expe_logs_10round_80tor/frag/batch_20260422_200323_frag/frag0p1,295962046800.0,27091,80 ToRs,0.22765680649933215,0.22331832627118645,0.5778898649889287,0.6432801565555331,0.5785553495762712,0.645121996234912,0.0,0.0,0.0,0.0,30208,0.18511347222151903,0.1775688559322034,0.10165134257636527,0.10318458686440678,Hybrid-ksp,80,0.3502330584895965,0.3552370233050847,ocs_eps_global_ksp,44
0.023650393155036094,0.01903469279661017,0.11461729033474712,0.11059984110169492,1.9908964512711864,1.940193555340596,2.219962349119634,2.1597333499722233,2.5704118114406778,2.5027139831002105,2.866154811561035,2.7859049628656645,329451204000.0,/home/xuheng/Desktop/ToN2026/hyacinth/experiments/expe_logs_10round_80tor/frag/batch_20260422_200323_frag/frag0p1,295962046800.0,27091,80 ToRs,0.08907714448662328,0.051410222457627115,0.2812602138798072,0.3130858064467204,0.2897576800847458,0.3230962312207006,0.0,0.0,0.087216229448049,0.127880031779661,30208,0.4788207600540443,0.4774231991525424,0.10165134257636527,0.10318458686440678,Hyacinth-dynamic,80,0.10496683994513493,0.11046742584745763,ocs_eps_preset_dynamic_greedy,44
0.03409797919572939,0.02734375,0.16507743951058682,0.14734507415254236,2.1035818326271185,1.9745423835209295,2.3456129341847847,2.1979688701085167,2.3601363877118646,2.299362510752882,2.6316857997120815,2.559543548879119,329451204000.0,/home/xuheng/Desktop/ToN2026/hyacinth/experiments/expe_logs_10round_80tor/frag/batch_20260422_200323_frag/frag0p1,295962046800.0,27091,80 ToRs,0.16241006361597635,0.1282772775423729,0.16241006361597635,0.1807873393853012,0.1282772775423729,0.14303643276364844,0.0,0.0,0.0,0.0,30208,0.5367631751013422,0.593849311440678,0.10165134257636527,0.10318458686440678,Hyacinth-pruned,80,0.0,0.0,ocs_eps_pruned,44
0.022626777226757388,0.02002780720338983,0.1989756770757345,0.16154661016949154,2.4881488347457625,2.4619679731849615,2.775143996455472,2.729255616216216,2.4881488347457625,2.4619679731849615,2.775143996455472,2.729255616216216,352257019200.0,/home/xuheng/Desktop/ToN2026/hyacinth/experiments/expe_logs_10round_80tor/frag/batch_20260422_200323_frag/frag0p1,317758986900.0,27084,80 ToRs,0.0,0.0,0.0,0.0,0.0,0.0,0.0,0.0,0.0,0.0,30208,0.680463280602245,0.7150092690677966,0.09793426509526315,0.10341631355932203,Optics-pruned,80,0.0,0.0,pure_ocs_pruned,45
0.01784212395333867,0.01737950211864407,0.11775915124191796,0.11880958686440678,1.1306276483050848,1.1238020644671372,1.261039728252843,1.245809502547857,2.3084613347457625,2.322664710722108,2.574730468173091,2.574828663642117,352257019200.0,/home/xuheng/Desktop/ToN2026/hyacinth/experiments/expe_logs_10round_80tor/frag/batch_20260422_200323_frag/frag0p1,317758986900.0,27084,80 ToRs,0.23008909484350737,0.22772113347457626,0.5994313231274854,0.66450958054713,0.588916843220339,0.6568453699601241,0.0,0.0,0.0,0.0,30208,0.1670331365819949,0.17147775423728814,0.09793426509526315,0.10341631355932203,Hybrid-ksp,80,0.36934222828397795,0.3611957097457627,ocs_eps_global_ksp,45
0.020201962805912486,0.018571239406779662,0.12390329027118503,0.10914327330508475,1.9547470868644068,1.92737578811602,2.1802171023482497,2.1366245424670316,2.557567531779661,2.5098512518157365,2.852569782897652,2.782337422539158,352257019200.0,/home/xuheng/Desktop/ToN2026/hyacinth/experiments/expe_logs_10round_80tor/frag/batch_20260422_200323_frag/frag0p1,317758986900.0,27084,80 ToRs,0.08533786599418315,0.05207229872881356,0.29123773184985835,0.32285644003606306,0.3014102224576271,0.33617634027470095,0.0,0.0,0.09163464044891913,0.1328456038135593,30208,0.466722749977781,0.4674589512711864,0.09793426509526315,0.10341631355932203,Hyacinth-dynamic,80,0.11426522540675607,0.11649231991525423,ocs_eps_preset_dynamic_greedy,45
0.02872887081990047,0.02280852754237288,0.17632449267032235,0.1481395656779661,2.1327131885593222,1.9854812868978027,2.378710677891006,2.2010383612536626,2.3749006885593222,2.3101037425686592,2.648833259488997,2.560903993113782,352257019200.0,/home/xuheng/Desktop/ToN2026/hyacinth/experiments/expe_logs_10round_80tor/frag/batch_20260422_200323_frag/frag0p1,317758986900.0,27084,80 ToRs,0.16231122783542817,0.12109375,0.16231122783542817,0.17993281593005986,0.12109375,0.1350612907989957,0.0,0.0,0.0,0.0,30208,0.5347011435790858,0.604541843220339,0.09793426509526315,0.10341631355932203,Hyacinth-pruned,80,0.0,0.0,ocs_eps_pruned,45
0.022588927118995784,0.020226430084745763,0.19528155946979697,0.15869968220338984,2.5165188029661016,2.4608291144441075,2.7830496064433463,2.7360677530107718,2.5165188029661016,2.4608291144441075,2.7830496064433463,2.7360677530107718,328708006400.0,/home/xuheng/Desktop/ToN2026/hyacinth/experiments/expe_logs_10round_80tor/frag/batch_20260422_200323_frag/frag0p1,295641155600.0,27315,80 ToRs,0.0,0.0,0.0,0.0,0.0,0.0,0.0,0.0,0.0,0.0,30208,0.6815330869287886,0.7253045550847458,0.10059642648241865,0.09576933262711865,Optics-pruned,80,0.0,0.0,pure_ocs_pruned,46
0.016242084452008042,0.01612155720338983,0.10318039731203821,0.10566737288135593,1.1464181673728813,1.152103567076363,1.267838184147904,1.2809639643419117,2.342392743644068,2.3340347431829396,2.590481420464946,2.5950916939928237,328708006400.0,/home/xuheng/Desktop/ToN2026/hyacinth/experiments/expe_logs_10round_80tor/frag/batch_20260422_200323_frag/frag0p1,295641155600.0,27315,80 ToRs,0.22851141115375034,0.2323887711864407,0.5909655880532881,0.657063864825456,0.5979872881355932,0.661321618158521,0.0,0.0,0.0,0.0,30208,0.18901550370024695,0.18445444915254236,0.10059642648241865,0.09576933262711865,Hybrid-ksp,80,0.3624541768995378,0.3655985169491525,ocs_eps_global_ksp,46
0.016934643792114217,0.018802966101694914,0.11189205338443499,0.1023238877118644,2.02247748940678,1.9611457203617417,2.2366831411312464,2.1804958064505686,2.6090108580508473,2.5368872244177867,2.885337726523888,2.8206328050220892,328708006400.0,/home/xuheng/Desktop/ToN2026/hyacinth/experiments/expe_logs_10round_80tor/frag/batch_20260422_200323_frag/frag0p1,295641155600.0,27315,80 ToRs,0.08269306488057603,0.04978813559322034,0.2878707520280224,0.3200684992857605,0.2932666843220339,0.3243272926963207,0.0,0.0,0.0903136063679403,0.135692531779661,30208,0.48270612431300974,0.4898371292372881,0.10059642648241865,0.09576933262711865,Hyacinth-dynamic,80,0.11486408077950608,0.10778601694915255,ocs_eps_preset_dynamic_greedy,46
0.02654816076910745,0.02201403601694915,0.15729833710554852,0.1289393538135593,2.1386056673728815,1.9893721107122992,2.3651107450118984,2.211879260087698,2.4060182733050848,2.3216680781767534,2.6608456891817682,2.5813418431246316,328708006400.0,/home/xuheng/Desktop/ToN2026/hyacinth/experiments/expe_logs_10round_80tor/frag/batch_20260422_200323_frag/frag0p1,295641155600.0,27315,80 ToRs,0.16614798373222708,0.1337063029661017,0.16614798373222708,0.1847312915184668,0.1337063029661017,0.14786747208493503,0.0,0.0,0.0,0.0,30208,0.5494090919106983,0.6195709745762712,0.10059642648241865,0.09576933262711865,Hyacinth-pruned,80,0.0,0.0,ocs_eps_pruned,46
0.04231832020466296,0.03273967161016949,0.2258911101650984,0.1867386122881356,2.4847391419491527,2.416991283185273,2.7260477954528946,2.6606474089848593,2.4847391419491527,2.416991283185273,2.7260477954528946,2.6606474089848593,347421219200.0,/home/xuheng/Desktop/ToN2026/hyacinth/experiments/expe_logs_10round_80tor/frag/batch_20260422_200323_frag/frag0p1,315605162700.0,27534,80 ToRs,0.0,0.0,0.0,0.0,0.0,0.0,0.0,0.0,0.0,0.0,30208,0.6402128111580814,0.6920021186440678,0.09157775847215725,0.08851959745762712,Optics-pruned,80,0.0,0.0,pure_ocs_pruned,47
0.02782127735967602,0.026449947033898306,0.1576804313396411,0.15767346398305085,1.1907772775423728,1.1835000174911596,1.3064211520302171,1.302808279441368,2.2952529131355934,2.284361101568548,2.518159366601293,2.5146468207631765,347421219200.0,/home/xuheng/Desktop/ToN2026/hyacinth/experiments/expe_logs_10round_80tor/frag/batch_20260422_200323_frag/frag0p1,315605162700.0,27534,80 ToRs,0.22758263695598704,0.22861493644067796,0.5504305420386942,0.6059192706609042,0.5522378177966102,0.6058691072855379,0.0,0.0,0.0,0.0,30208,0.1724899907898314,0.17511917372881355,0.09157775847215725,0.08851959745762712,Hybrid-ksp,80,0.32284790508270717,0.3236228813559322,ocs_eps_global_ksp,47
0.029007585441114012,0.02684719279661017,0.15107615338194058,0.1405918961864407,1.9509070444915255,1.9126484140206483,2.1403719038279947,2.1054618949045474,2.559818591101695,2.4912650358346333,2.8084186823563595,2.742408675116391,347421219200.0,/home/xuheng/Desktop/ToN2026/hyacinth/experiments/expe_logs_10round_80tor/frag/batch_20260422_200323_frag/frag0p1,315605162700.0,27534,80 ToRs,0.0775858874195097,0.049854343220338986,0.28930831090699255,0.31847339010592174,0.3044557733050847,0.33402338926418246,0.0,0.0,0.09776517875969735,0.13916843220338984,30208,0.4390301917977956,0.4395855402542373,0.09157775847215725,0.08851959745762712,Hyacinth-dynamic,80,0.11395724472778547,0.11543299788135593,ocs_eps_preset_dynamic_greedy,47
0.05025467799636344,0.037076271186440676,0.21501586222054223,0.1807468220338983,2.0978879766949152,1.926524330440206,2.301627079247476,2.120736638063874,2.3523238877118646,2.2486691143935746,2.5807728626425512,2.475356735664705,347421219200.0,/home/xuheng/Desktop/ToN2026/hyacinth/experiments/expe_logs_10round_80tor/frag/batch_20260422_200323_frag/frag0p1,315605162700.0,27534,80 ToRs,0.1610723919766844,0.1272179555084746,0.1610723919766844,0.17731004880041526,0.1272179555084746,0.1395728916975376,0.0,0.0,0.0,0.0,30208,0.48207930933425264,0.5664393538135594,0.09157775847215725,0.08851959745762712,Hyacinth-pruned,80,0.0,0.0,ocs_eps_pruned,47
0.031847466125166195,0.02376853813559322,0.18203944323460103,0.1486030190677966,2.460143008474576,2.4221668736294504,2.77847982951359,2.7236767565143136,2.460143008474576,2.4221668736294504,2.77847982951359,2.7236767565143136,341077747200.0,/home/xuheng/Desktop/ToN2026/hyacinth/experiments/expe_logs_10round_80tor/frag/batch_20260422_200323_frag/frag0p1,303320582600.0,26747,80 ToRs,0.0,0.0,0.0,0.0,0.0,0.0,0.0,0.0,0.0,0.0,30208,0.675413507011694,0.7130561440677966,0.11069958362853875,0.11457229872881355,Optics-pruned,80,0.0,0.0,pure_ocs_pruned,48
0.01872576575995398,0.019067796610169493,0.12656346142302655,0.1231792902542373,1.1587327860169492,1.1600500168895216,1.3086701312296707,1.3044523487605881,2.2751257944915255,2.28178485576675,2.5695218155307136,2.5658200690796114,341077747200.0,/home/xuheng/Desktop/ToN2026/hyacinth/experiments/expe_logs_10round_80tor/frag/batch_20260422_200323_frag/frag0p1,303320582600.0,26747,80 ToRs,0.22210140040469928,0.21984242584745764,0.5608674194386142,0.6306838601595116,0.5581965042372882,0.6304258421505216,0.0,0.0,0.0,0.0,30208,0.18314376974986657,0.18498411016949154,0.11069958362853875,0.11457229872881355,Hybrid-ksp,80,0.33876601903391484,0.3383540783898305,ocs_eps_global_ksp,48
0.019794727611007278,0.018571239406779662,0.11710518738878313,0.10867981991525423,1.9423331567796611,1.9090861507249923,2.1936665794294687,2.1467280522756056,2.516750529661017,2.4719076598263636,2.842412233147643,2.7796092460096706,341077747200.0,/home/xuheng/Desktop/ToN2026/hyacinth/experiments/expe_logs_10round_80tor/frag/batch_20260422_200323_frag/frag0p1,303320582600.0,26747,80 ToRs,0.0839783850900256,0.05323093220338983,0.28141075455068565,0.3164405968670324,0.287208686440678,0.324372826859087,0.0,0.0,0.08749929112936278,0.12764830508474576,30208,0.4709897468209852,0.4709679555084746,0.11069958362853875,0.11457229872881355,Hyacinth-dynamic,80,0.10993307833129724,0.10632944915254237,ocs_eps_preset_dynamic_greedy,48
0.032144348876478095,0.025291313559322032,0.1612244793201214,0.13393802966101695,2.1209944385593222,1.9913742643014618,2.395446218267469,2.2392593409847947,2.354839777542373,2.2920501361280246,2.6595506038060344,2.577363165397006,341077747200.0,/home/xuheng/Desktop/ToN2026/hyacinth/experiments/expe_logs_10round_80tor/frag/batch_20260422_200323_frag/frag0p1,303320582600.0,26747,80 ToRs,0.15033793591328143,0.11692266949152542,0.15033793591328143,0.1690519122061056,0.11692266949152542,0.13205219276928254,0.0,0.0,0.0,0.0,30208,0.5455936522615803,0.609275688559322,0.11069958362853875,0.11457229872881355,Hyacinth-pruned,80,0.0,0.0,ocs_eps_pruned,48
0.027288068392607064,0.020292637711864406,0.19377345922345718,0.1559851694915254,2.5003310381355934,2.437308613482302,2.7813374576520844,2.7225824248993966,2.5003310381355934,2.437308613482302,2.7813374576520844,2.7225824248993966,333129526400.0,/home/xuheng/Desktop/ToN2026/hyacinth/experiments/expe_logs_10round_80tor/frag/batch_20260422_200323_frag/frag0p1,298224015800.0,27156,80 ToRs,0.0,0.0,0.0,0.0,0.0,0.0,0.0,0.0,0.0,0.0,30208,0.6741578755475937,0.7226893538135594,0.10478059683634215,0.10103283898305085,Optics-pruned,80,0.0,0.0,pure_ocs_pruned,49
0.020031013678408063,0.021351959745762712,0.12564812327605193,0.1262248411016949,1.1722391419491525,1.1460051368775939,1.3039843865075857,1.2801388495688013,2.307964777542373,2.299372627751558,2.567351598173516,2.5685017769115563,333129526400.0,/home/xuheng/Desktop/ToN2026/hyacinth/experiments/expe_logs_10round_80tor/frag/batch_20260422_200323_frag/frag0p1,298224015800.0,27156,80 ToRs,0.2205754311065475,0.22000794491525424,0.5766837454369821,0.6441814636713775,0.5678628177966102,0.6316836058329651,0.0,0.0,0.0,0.0,30208,0.17285652077221578,0.18352754237288135,0.10478059683634215,0.10103283898305085,Hybrid-ksp,80,0.35610831433043455,0.3478548728813559,ocs_eps_global_ksp,49
0.01959448647659711,0.018140889830508475,0.13213528766329133,0.1179488877118644,1.944915254237288,1.9132274490574848,2.1634997790543524,2.137160390286717,2.5454184322033897,2.4776749984296798,2.831492119605244,2.767673477221012,333129526400.0,/home/xuheng/Desktop/ToN2026/hyacinth/experiments/expe_logs_10round_80tor/frag/batch_20260422_200323_frag/frag0p1,298224015800.0,27156,80 ToRs,0.08213442259437019,0.05154263771186441,0.2822237746860976,0.31525654346714754,0.3002515889830508,0.3339961702754456,0.0,0.0,0.0941604838783813,0.13516287076271186,30208,0.4612658543376718,0.4626257944915254,0.10478059683634215,0.10103283898305085,Hyacinth-dynamic,80,0.1059288682133461,0.11354608050847458,ocs_eps_preset_dynamic_greedy,49
0.031873638805737514,0.02363612288135593,0.19171924773582605,0.16336731991525424,2.144928495762712,1.9826682321966642,2.385992045956695,2.2147288421028635,2.3724841101694913,2.2810172001613362,2.639122109294447,2.547997945643652,333129526400.0,/home/xuheng/Desktop/ToN2026/hyacinth/experiments/expe_logs_10round_80tor/frag/batch_20260422_200323_frag/frag0p1,298224015800.0,27156,80 ToRs,0.14917448398233607,0.11377780720338983,0.14917448398233607,0.16663455177039435,0.11377780720338983,0.12656503166887612,0.0,0.0,0.0,0.0,30208,0.5224520326397583,0.5981859110169492,0.10478059683634215,0.10103283898305085,Hyacinth-pruned,80,0.0,0.0,ocs_eps_pruned,49
0.030748806075904966,0.028369968220338982,0.1898371158337053,0.15108580508474576,2.502383474576271,2.450930600113163,2.7699523635031147,2.720973297434466,2.502383474576271,2.450930600113163,2.7699523635031147,2.720973297434466,343609113600.0,/home/xuheng/Desktop/ToN2026/hyacinth/experiments/expe_logs_10round_80tor/frag/batch_20260422_200323_frag/frag0p1,309507664700.0,27290,80 ToRs,0.0,0.0,0.0,0.0,0.0,0.0,0.0,0.0,0.0,0.0,30208,0.6801691874566158,0.7239472987288136,0.09924489063377392,0.0965969279661017,Optics-pruned,80,0.0,0.0,pure_ocs_pruned,50
0.018871137997662237,0.019266419491525424,0.10919227230880992,0.10679290254237288,1.1306938559322033,1.1231909248753988,1.2515939904727007,1.2469437177721692,2.3360699152542375,2.3212128431159282,2.5858556247709785,2.576963282227886,343609113600.0,/home/xuheng/Desktop/ToN2026/hyacinth/experiments/expe_logs_10round_80tor/frag/batch_20260422_200323_frag/frag0p1,309507664700.0,27290,80 ToRs,0.2341179366786155,0.2288135593220339,0.5990109591202647,0.6650097822278583,0.602688029661017,0.6671308171491389,0.0,0.0,0.0,0.0,30208,0.17368073993948918,0.17465572033898305,0.09924489063377392,0.0965969279661017,Hybrid-ksp,80,0.36489302244164923,0.3738744703389831,ocs_eps_global_ksp,50
0.02055646873273154,0.019067796610169493,0.10353763940445146,0.09010858050847458,2.0170815677966103,1.9634812200743677,2.2327592524734334,2.1798169110091186,2.6097060381355934,2.535156304422305,2.8887504580432393,2.814478961108584,343609113600.0,/home/xuheng/Desktop/ToN2026/hyacinth/experiments/expe_logs_10round_80tor/frag/batch_20260422_200323_frag/frag0p1,309507664700.0,27290,80 ToRs,0.08483841070040815,0.05094676906779661,0.2858375421739687,0.3173310250497328,0.2963122351694915,0.3279956027849029,0.0,0.0,0.0905827888960859,0.13066075211864406,30208,0.49082345905507435,0.4979144597457627,0.09924489063377392,0.0965969279661017,Hyacinth-dynamic,80,0.11041634257747464,0.11470471398305085,ocs_eps_preset_dynamic_greedy,50
0.030643480580836376,0.024529925847457626,0.14747164814431743,0.1229144597457627,2.1729674258474576,2.0102592793976464,2.405313301575669,2.231748960949076,2.4164790783898304,2.332424238994341,2.6748625870282154,2.5894099458791207,343609113600.0,/home/xuheng/Desktop/ToN2026/hyacinth/experiments/expe_logs_10round_80tor/frag/batch_20260422_200323_frag/frag0p1,309507664700.0,27290,80 ToRs,0.16108247979834722,0.12175582627118645,0.16108247979834722,0.1788304924650223,0.12175582627118645,0.13477464272627335,0.0,0.0,0.0,0.0,30208,0.561557500842725,0.6342028601694916,0.09924489063377392,0.0965969279661017,Hyacinth-pruned,80,0.0,0.0,ocs_eps_pruned,50
0.03025180940673571,0.02572166313559322,0.20769039814817736,0.17074947033898305,2.4498808262711864,2.4026541720543095,2.7505389132535494,2.698754105832805,2.4498808262711864,2.4026541720543095,2.7505389132535494,2.698754105832805,329828218400.0,/home/xuheng/Desktop/ToN2026/hyacinth/experiments/expe_logs_10round_80tor/frag/batch_20260422_200323_frag/frag0p1,293640366600.0,26906,80 ToRs,0.0,0.0,0.0,0.0,0.0,0.0,0.0,0.0,0.0,0.0,30208,0.652340522117073,0.6942200741525424,0.10971727032801387,0.10930879237288135,Optics-pruned,80,0.0,0.0,pure_ocs_pruned,51
0.022430413734424125,0.020458156779661018,0.1143859997274266,0.11271848516949153,1.1560844809322033,1.1676687512313835,1.2979632795658962,1.3115707092977045,2.297702595338983,2.2927845117936094,2.5796848286627516,2.575344253435488,329828218400.0,/home/xuheng/Desktop/ToN2026/hyacinth/experiments/expe_logs_10round_80tor/frag/batch_20260422_200323_frag/frag0p1,293640366600.0,26906,80 ToRs,0.21881685002607407,0.2207362288135593,0.562557880281113,0.6318867720688917,0.5708090572033898,0.6408607745484278,0.0,0.0,0.0,0.0,30208,0.19090843592902237,0.18670550847457626,0.10971727032801387,0.10930879237288135,Hybrid-ksp,80,0.343741030255039,0.3500728283898305,ocs_eps_global_ksp,51
0.022481916908053127,0.022543697033898306,0.11060339372102675,0.1027542372881356,1.9530918961864407,1.9050931856229558,2.192782279045566,2.13987435915427,2.534328654661017,2.4784296045544174,2.8453504794469633,2.7838680027720684,329828218400.0,/home/xuheng/Desktop/ToN2026/hyacinth/experiments/expe_logs_10round_80tor/frag/batch_20260422_200323_frag/frag0p1,293640366600.0,26906,80 ToRs,0.08787967124404174,0.05640889830508475,0.2866682094657308,0.3219968218088991,0.2906183792372881,0.3262841002006987,0.0,0.0,0.08491952973542181,0.1229144597457627,30208,0.4705292095771755,0.4747748940677966,0.10971727032801387,0.10930879237288135,Hyacinth-dynamic,80,0.11386900848626723,0.11129502118644068,ocs_eps_preset_dynamic_greedy,51
0.037147337967126465,0.024993379237288137,0.17019580578130425,0.15436308262711865,2.0992783368644066,1.945120813835133,2.356909239574816,2.184834939516112,2.344908633474576,2.265945409478645,2.6326841596669888,2.545197535521671,329828218400.0,/home/xuheng/Desktop/ToN2026/hyacinth/experiments/expe_logs_10round_80tor/frag/batch_20260422_200323_frag/frag0p1,293640366600.0,26906,80 ToRs,0.16041229782175606,0.12281514830508475,0.16041229782175606,0.18018129800277943,0.12281514830508475,0.13788746004608637,0.0,0.0,0.0,0.0,30208,0.5225272881017994,0.5885195974576272,0.10971727032801387,0.10930879237288135,Hyacinth-pruned,80,0.0,0.0,ocs_eps_pruned,51
