1_hop_ocs_byte_share_mean,1_hop_ocs_byte_share_std,1_hop_ocs_flow_share_mean,1_hop_ocs_flow_share_std,2_hop_ocs_byte_share_mean,2_hop_ocs_byte_share_std,2_hop_ocs_flow_share_mean,2_hop_ocs_flow_share_std,3_hop_ocs_byte_share_mean,3_hop_ocs_byte_share_std,3_hop_ocs_flow_share_mean,3_hop_ocs_flow_share_std,avg_ocs_hops_core_mean,avg_ocs_hops_core_std,avg_total_hops_core_mean,avg_total_hops_core_std,cct_relative_mean_mean,cct_relative_mean_std,core_bytes_mean,core_bytes_std,core_flows_mean,core_flows_std,dataset,direct_eps_byte_share_mean,direct_eps_byte_share_std,direct_eps_flow_share_mean,direct_eps_flow_share_std,eps_core_byte_share_mean,eps_core_byte_share_std,eps_core_flow_share_mean,eps_core_flow_share_std,eps_max_link_gb_mean,eps_max_link_gb_std,eps_mean_active_link_gb_mean,eps_mean_active_link_gb_std,eps_then_ocs_byte_share_mean,eps_then_ocs_byte_share_std,eps_then_ocs_flow_share_mean,eps_then_ocs_flow_share_std,gt3_hop_ocs_byte_share_mean,gt3_hop_ocs_byte_share_std,gt3_hop_ocs_flow_share_mean,gt3_hop_ocs_flow_share_std,intra_rack_byte_share_mean,intra_rack_byte_share_std,intra_rack_flow_share_mean,intra_rack_flow_share_std,num_tor_mean,num_tor_std,ocs_max_link_gb_mean,ocs_max_link_gb_std,ocs_mean_active_link_gb_mean,ocs_mean_active_link_gb_std,ocs_p95_link_gb_mean,ocs_p95_link_gb_std,ocs_then_eps_byte_share_mean,ocs_then_eps_byte_share_std,ocs_then_eps_flow_share_mean,ocs_then_eps_flow_share_std,seeds,tag
0.017285597600543413,0.003500771490097653,0.007843338815789474,0.0011240079714503817,0.03207614775942113,0.003340846571470187,0.01572779605263158,0.0018138479274035365,0.0689099109574076,0.0061725161041313,0.031707442434210524,0.0024860338572323232,2.1389345661736305,0.021543960431543212,3.2874324293191903,0.014260006669474436,1.9129999999999998,2.220446049250313e-16,213928372110.0,4991325697.459917,18715.3,110.40747257319134,40 ToRs,0.09550078275178704,0.0007177237729929032,0.5523900082236841,0.005790076064754012,0.09943373975193537,0.00043750294441896576,0.5742489315727797,0.004589170164229448,0.89164884,0.05572974938582084,0.5331945121602564,0.014835519655560047,0.0,0.0,0.0,0.0,0.7466714117313311,0.009994879751784917,0.354260896381579,0.004257249218797147,0.039556149199509685,0.005400944503647806,0.03807051809210526,0.005674726180776694,40.0,0.0,11.1701,0.4554877495608418,8.056564166666666,0.1727855658054066,10.102160000000001,0.3866983991433113,0.0,0.0,0.0,0.0,10,helios_t10
0.015458366573234128,0.003486816661406637,0.0056846217105263165,0.0009574943274831428,0.028246328264759573,0.0032671166935176895,0.011163651315789475,0.0015095277447188017,0.0613419135970051,0.005811436152618812,0.022728207236842105,0.0018038876729932994,1.542427240885002,0.021018267250554376,2.928816526977027,0.012107916742451888,1.6919999999999997,2.220446049250313e-16,213928372110.0,4991325697.459917,18715.3,110.40747257319134,40 ToRs,0.19135368421899238,0.0011112851607962743,0.6668071546052632,0.006424473678126062,0.199236067951781,0.0008035106056104552,0.6931946430460124,0.004878466190055894,1.66380926,0.12434132991349416,1.068401883955128,0.030975313283387464,0.0,0.0,0.0,0.0,0.6640435581464991,0.009578801720610585,0.25554584703947364,0.0035176269992733514,0.039556149199509685,0.005400944503647806,0.03807051809210526,0.005674726180776694,40.0,0.0,10.1525,0.5385965558746174,7.1644491666666665,0.15189845637107924,9.1161,0.3807104785791952,0.0,0.0,0.0,0.0,10,helios_t20
0.013800183154693035,0.0034940122910564323,0.004291735197368421,0.0006889061363207183,0.02444277905062584,0.002965292482439089,0.0080078125,0.001065514680908712,0.054311579598533444,0.005310023527045528,0.016714638157894736,0.00139397663510286,1.1207020910212537,0.022466571986775274,2.6749088411161424,0.012615076277504238,1.5180000000000002,2.220446049250313e-16,213928372110.0,4991325697.459917,18715.3,110.40747257319134,40 ToRs,0.287208581364424,0.0016434961830133564,0.7475174753289473,0.006515763697943391,0.2990382634224201,0.000803889999644082,0.7771033750474443,0.0051736958828157275,2.42606112,0.14590801031365483,1.6036302813910255,0.04768503694808493,0.0,0.0,0.0,0.0,0.5806807276322139,0.009175329194685925,0.18539782072368421,0.003932298369842613,0.039556149199509685,0.005400944503647806,0.03807051809210526,0.005674726180776694,40.0,0.0,9.123,0.5307739631896049,6.2700916666666675,0.1337745379879476,8.118799999999998,0.3073264713622958,0.0,0.0,0.0,0.0,10,helios_t30
0.0118504316971836,0.0031947732535402705,0.003063322368421053,0.0005252667060461027,0.020767281272056737,0.002938044107911932,0.005694901315789473,0.0007035336608663106,0.046897184846305576,0.005367113319478828,0.012217310855263157,0.0012169615659359976,0.8123423070812177,0.02212837249755745,2.4890586493003837,0.013039457202685999,1.237,0.0,213928372110.0,4991325697.459917,18715.3,110.40747257319134,40 ToRs,0.38262368408344855,0.0026082958273070424,0.8064401726973685,0.006420699790364099,0.3983806573008345,0.0010829844433099666,0.8383581711095831,0.0047261094377382745,3.1546924,0.16520886786901004,2.1363706660064103,0.06364191417740471,0.0,0.0,0.0,0.0,0.4983052689014958,0.008948621395488167,0.1345137746710526,0.003933708917716879,0.039556149199509685,0.005400944503647806,0.03807051809210526,0.005674726180776694,40.0,0.0,8.027999999999999,0.2898896341713515,5.378349999999999,0.11255713240641647,7.101999999999999,0.316119360368833,0.0,0.0,0.0,0.0,10,helios_t40
0.010062301087268946,0.0028692521140835344,0.002240953947368421,0.00041131268552102297,0.016997871264124196,0.0028632953837525845,0.0038394325657894733,0.0005381105803966994,0.04002467452468793,0.005280374689219877,0.008881578947368423,0.0008949162448031197,0.5682240615742677,0.021975307777614188,2.3417558369184666,0.01314312704801063,1.057,0.0,213928372110.0,4991325697.459917,18715.3,110.40747257319134,40 ToRs,0.47750228164393765,0.003595131919435532,0.8530067845394737,0.006751222223706954,0.4971642664800102,0.0014677842980265286,0.8867658876720993,0.0045732686600516706,4.055452239999999,0.2655521686282648,2.66607066600641,0.07803954812803332,0.0,0.0,0.0,0.0,0.41585672228047155,0.008254543630344464,0.09396073190789475,0.0039584122478566125,0.039556149199509685,0.005400944503647806,0.03807051809210526,0.005674726180776694,40.0,0.0,7.004,0.24315427201675902,4.492475,0.09950850780209684,6.107049999999999,0.28599103569867373,0.0,0.0,0.0,0.0,10,helios_t50
0.008534750615331177,0.0026472297560439337,0.0016036184210526314,0.00031583658502749217,0.013535772609308555,0.002053160457061755,0.0025956003289473685,0.0003621646593329115,0.031975148182740665,0.004328022672538253,0.0059056332236842105,0.0006878315787161936,0.3821996021376731,0.020909319965556703,2.2295901484920373,0.01204637877300877,0.983,0.0,213928372110.0,4991325697.459917,18715.3,110.40747257319134,40 ToRs,0.5713407752970305,0.003892245297440225,0.8885331003289474,0.00723818716298523,0.5948689899499271,0.0014544174532024482,0.9236952731771823,0.004508766456831616,4.95143518,0.4091676525821899,3.1898232301089746,0.08622975656612981,0.0,0.0,0.0,0.0,0.3350574040960794,0.007421381689807439,0.06329152960526316,0.0036368017285793503,0.039556149199509685,0.005400944503647806,0.03807051809210526,0.005674726180776694,40.0,0.0,6.058000000000001,0.35022278623756053,3.6160583333333327,0.0893454442194888,5.1551,0.3197562196424021,0.0,0.0,0.0,0.0,10,helios_t60
0.006748324159440269,0.002613898665847819,0.001089638157894737,0.0003321442109663551,0.010381261640673881,0.0023690213446346136,0.0017475328947368421,0.00034325262864029607,0.023721248912070832,0.0036646845441437093,0.003834292763157895,0.0005779478946081661,0.2493132952887621,0.015561900946488178,2.1497434849084236,0.009245444143756013,1.061,0.0,213928372110.0,4991325697.459917,18715.3,110.40747257319134,40 ToRs,0.6655295692394294,0.003805539435765856,0.9140419407894737,0.006521524493709269,0.6929408228085364,0.0015058656731306867,0.9502150948098306,0.0032243725537201584,5.7761591800000005,0.48446383085941475,3.71588284549359,0.10682444255497493,0.0,0.0,0.0,0.0,0.25406344684887594,0.006673671646867324,0.04121607730263158,0.0026960653308625076,0.039556149199509685,0.005400944503647806,0.03807051809210526,0.005674726180776694,40.0,0.0,4.861,0.29760544349860263,2.7412666666666667,0.07168443384414465,4.08505,0.22240519890506155,0.0,0.0,0.0,0.0,10,helios_t70
0.004647221959032268,0.0022837132691695015,0.0006784539473684211,0.0003039010176623043,0.007057820889895332,0.0021143789229759995,0.0010382401315789473,0.00028226830217405386,0.016732997063825816,0.003019241669218004,0.0023797286184210524,0.00032102172018148005,0.14990924009143974,0.008251793445540735,2.0897647417381657,0.004955406281748925,1.1590000000000003,2.220446049250313e-16,213928372110.0,4991325697.459917,18715.3,110.40747257319134,40 ToRs,0.7596838497948797,0.004433521671578574,0.9330026726973684,0.005860648540758229,0.7909718027102035,0.0013283477282817662,0.9699277508233631,0.0017698405581318987,6.71316008,0.5682843217461288,4.241561691647435,0.12143103798320552,0.0,0.0,0.0,0.0,0.1723219610928572,0.005548248108573987,0.024830386513157894,0.0015759090839096324,0.039556149199509685,0.005400944503647806,0.03807051809210526,0.005674726180776694,40.0,0.0,3.5869999999999997,0.3460650227919602,1.8579666666666665,0.06132381266685889,2.92015,0.2381444992016402,0.0,0.0,0.0,0.0,10,helios_t80
0.002156288767459186,0.0014144743595556745,0.0003238075657894737,0.00021073190789473682,0.004326578866727175,0.0015254137610515213,0.0005859375,0.00022071248513141334,0.009065680637918029,0.0013868773156576215,0.0012129934210526317,0.0002006498899665207,0.07453076555021357,0.0034619950058574628,2.0445664663559304,0.0024029967237235448,1.26,0.0,213928372110.0,4991325697.459917,18715.3,110.40747257319134,40 ToRs,0.855094339410632,0.004538239699897427,0.9475174753289475,0.005589518229140417,0.8903147398007125,0.0016704416225972504,0.9850178504028582,0.0006729843976732805,7.62562968,0.5873783308028663,4.7743495121602555,0.13909797998789172,0.0,0.0,0.0,0.0,0.08980096311775407,0.0033553858688512373,0.012289268092105263,0.000676601869230415,0.039556149199509685,0.005400944503647806,0.03807051809210526,0.005674726180776694,40.0,0.0,2.2009999999999996,0.29689897271630966,0.9750444677871147,0.04074463853767833,1.67805,0.10213506988297408,0.0,0.0,0.0,0.0,10,helios_t90
0.02742214898322151,0.0030510168217224285,0.028351151315789476,0.0040101134080166,0.043520498283034295,0.004639560611633219,0.04580592105263158,0.004516643784721136,0.0782316727145091,0.007864385004519836,0.07936883223684212,0.006352588128410514,2.4490283035537512,0.03349203195443478,3.4913187007425464,0.025062746550687427,1.0,0.0,213928372110.0,4991325697.459917,18715.3,110.40747257319134,40 ToRs,0.10193877177073088,0.0022976245838754674,0.08360402960526316,0.0026008823356691558,0.5304167944156315,0.00499047021416989,0.5211451985943973,0.008107274283468127,4.20195045,0.34473845861434504,2.83677241175,0.0708140287480904,0.19162045205714195,0.0036518430098548445,0.22287212171052634,0.006224417702983437,0.3018137717188237,0.007272042073655469,0.3070723684210527,0.008612205191878615,0.039556149199509685,0.005400944503647806,0.03807051809210526,0.005674726180776694,40.0,0.0,6.05023299,0.31625006121969196,4.268028880499999,0.09664714004074891,5.433785563000001,0.21445025950126614,0.21589653527302896,0.004751540531471234,0.1948550575657895,0.007519390720932065,10,hyacinth_dynamic
0.03694440555885957,0.0041400005181555476,0.0377467105263158,0.0038627386428299886,0.06903140216959255,0.006847730243490854,0.07261513157894736,0.006183453862802853,0.12810193452032603,0.009531754167261458,0.12916324013157895,0.008353879191886985,4.134477374089953,0.05464145871418011,4.236060359575323,0.04235975241835486,1.7,0.0,213928372110.0,4991325697.459917,18715.3,110.40747257319134,40 ToRs,0.0742353476451201,0.0026547488515132646,0.036667351973684204,0.004814280578837956,0.106376487214048,0.0007029831814048011,0.050791492742684394,0.0065445993334967995,1.5314092,0.21072638668605317,0.5747354266739696,0.015536649670176435,0.01027722754542576,0.002291368491763679,0.005674342105263157,0.0013170737975367569,0.6241989116179315,0.012365617034470231,0.6735505756578947,0.01327747815411197,0.039556149199509685,0.005400944503647806,0.03807051809210526,0.005674726180776694,40.0,0.0,10.160437149999998,0.4737456493506876,6.891736576166667,0.1457463550392595,8.945549296500001,0.23699616728253456,0.01765462174323475,0.0026012895525675266,0.006512129934210525,0.0012608869282622966,10,hyacinth_preset_t10
0.036377612397044234,0.003418940092919338,0.037006578947368425,0.003666592686474468,0.06856070871901829,0.006957167348160638,0.07229132401315788,0.006051329116875588,0.1275935342044189,0.008182011865626664,0.1290758634868421,0.006660480226592345,3.8089315025331856,0.05881214519817311,4.050047808680801,0.04313986698886211,1.478,0.0,213928372110.0,4991325697.459917,18715.3,110.40747257319134,40 ToRs,0.10512559531257044,0.006886202774033834,0.06590768914473685,0.004968892065618578,0.20528024406616924,0.0008010133967222298,0.1205581530738075,0.008371712947460926,2.31880534,0.3570285057526925,1.0979004157499999,0.026736552916681696,0.03848637536646699,0.004152181349455575,0.024624794407894737,0.002766861310051442,0.5307523766655734,0.010881818644905773,0.6075966282894737,0.014197660723478023,0.039556149199509685,0.005400944503647806,0.03807051809210526,0.005674726180776694,40.0,0.0,9.02202226,0.32366289239874657,6.1251079226666665,0.14766386627196973,7.8867323895,0.17861129742029577,0.053547648135397974,0.00596572934632091,0.025426603618421056,0.0028080496856337216,10,hyacinth_preset_t20
0.03708322942330849,0.004281993231471771,0.03704255756578947,0.004440090429301859,0.06960247014245771,0.007304853951538731,0.07335526315789473,0.006919548892734956,0.125806014321793,0.009559272886749667,0.12873663651315792,0.0077775947890774315,3.451880722736027,0.0591364915259351,3.853714684268355,0.04236147378228574,1.263,0.0,213928372110.0,4991325697.459917,18715.3,110.40747257319134,40 ToRs,0.12123210474862703,0.00784460186454967,0.08588096217105264,0.0046871195715388605,0.30506885886800983,0.000803755621281394,0.20091698076616363,0.009908221891794378,3.12142102,0.38552463284900695,1.6315893342499996,0.0390494873571326,0.07230787629425131,0.004859462765819594,0.05340768914473685,0.005032937673327182,0.43494996127603924,0.011794209772966755,0.5295230263157894,0.012103797596919937,0.039556149199509685,0.005400944503647806,0.03807051809210526,0.005674726180776694,40.0,0.0,7.85813472,0.23822297305115128,5.397269944833334,0.13375040435546467,6.9569120595000005,0.17005107302040864,0.09946219459401348,0.005371483003693516,0.05398334703947368,0.005753964855976443,10,hyacinth_preset_t30
0.03672580053407663,0.0037334756721460836,0.03723787006578947,0.004382913766298972,0.06998078505569676,0.0077084177706099564,0.07320106907894736,0.006420714190880875,0.12057491704082997,0.009126713359090934,0.1272717927631579,0.007692957415190208,3.1009465348574423,0.050583699466664786,3.6748835957904626,0.03606231588371559,1.112,0.0,213928372110.0,4991325697.459917,18715.3,110.40747257319134,40 ToRs,0.1308597519595472,0.00801206956154421,0.09945004111842105,0.005999426778249896,0.40505222408375163,0.0005783468276427742,0.28696853046651016,0.010285423099418111,3.94186403,0.4861552986651098,2.16629283825,0.0501748957636335,0.11129792791487432,0.004297749717891336,0.08964329769736842,0.005439331974282366,0.34413399913808335,0.013332243956891608,0.44820106907894736,0.01619197399717884,0.039556149199509685,0.005400944503647806,0.03807051809210526,0.005674726180776694,40.0,0.0,6.858631819999999,0.46828870651630045,4.72388510225,0.12900800204097143,6.080427062499999,0.17536917346779782,0.14687066915738206,0.0064555487059827135,0.08692434210526315,0.004617865964519282,10,hyacinth_preset_t40
0.03751374989479213,0.004070796962086003,0.038337787828947374,0.0039443054361921245,0.06831461669898105,0.006983020182908673,0.0726511101973684,0.006640706552095172,0.1088791247793413,0.008724557814646698,0.12269222861842104,0.010392814372044562,2.7383088942229605,0.058069846648599294,3.503079092501794,0.039317807254761736,1.0139999999999998,2.220446049250313e-16,213928372110.0,4991325697.459917,18715.3,110.40747257319134,40 ToRs,0.13609011774593965,0.007947900108667093,0.10943667763157897,0.007007939475467625,0.5045296801395562,0.0006324775211945648,0.3823850991394166,0.010775869869112052,4.65105758,0.4461748110391997,2.698328026,0.0629698669155999,0.1539617589601804,0.004198765504964716,0.13384560032894738,0.005065220079213365,0.2611654792041117,0.009886668782190036,0.3604389391447369,0.016066385882038493,0.039556149199509685,0.005400944503647806,0.03807051809210526,0.005674726180776694,40.0,0.0,6.11033001,0.3847257573335697,4.0922200090833325,0.11155135245985727,5.407377278,0.15683047910220277,0.19451900351714405,0.00706352846328051,0.12452713815789473,0.005848490149404308,10,hyacinth_preset_t50
0.03794612508046354,0.00565478743494488,0.03849198190789473,0.004661914321795897,0.06640357087089196,0.007196611158791921,0.07219366776315789,0.007237280143366821,0.0834006956679739,0.00817685342704884,0.1120065789473684,0.010392950363197297,2.3581781332541896,0.04820443602228069,3.3310196330707456,0.0362004737657101,0.9540000000000001,1.1102230246251565e-16,213928372110.0,4991325697.459917,18715.3,110.40747257319134,40 ToRs,0.1398620438002905,0.008162762941374446,0.11646278782894737,0.006044305185223176,0.6044659496241471,0.0009586015274445262,0.4864207499082779,0.00816030895997419,5.31336492,0.46821856046363175,3.2328642180000005,0.07784407084377828,0.19741521842577087,0.00456654135230165,0.1841077302631579,0.005629949391167434,0.1921371046726415,0.00844407575367134,0.2713456003289474,0.013869870491750145,0.039556149199509685,0.005400944503647806,0.03807051809210526,0.005674726180776694,40.0,0.0,5.448080689999999,0.4140845452707199,3.4897256008333337,0.10300508182527898,4.631410322,0.14347026058801626,0.24327909228245806,0.007876654870477387,0.16732113486842107,0.006104571086892104,10,hyacinth_preset_t60
0.03781304747883373,0.005867280296011154,0.03888774671052632,0.005288864400313091,0.05976994889705427,0.005941936512386538,0.07025082236842103,0.006616696924973762,0.05279887717479333,0.008156500397002813,0.08817845394736842,0.010555512943772884,1.9867930145040607,0.028779222560375156,3.1751282879623264,0.02007875678507259,0.9719999999999999,1.1102230246251565e-16,213928372110.0,4991325697.459917,18715.3,110.40747257319134,40 ToRs,0.14354632528804087,0.008284143485054045,0.12278474506578947,0.0049267870289379035,0.7043998097513031,0.0007948346315189849,0.594167636729133,0.006898884849028719,5.9718623200000005,0.5436567192902371,3.7672958922499995,0.08875012571712818,0.24194030027775804,0.005668657347413828,0.23778782894736844,0.0042561910811436355,0.13352707653303308,0.004598096423494559,0.19306640625,0.005655140106984366,0.039556149199509685,0.005400944503647806,0.03807051809210526,0.005674726180776694,40.0,0.0,4.79363286,0.39202856347736753,2.9150256244166663,0.08669238673959774,3.9784015755,0.1684748304891717,0.29104827515097703,0.0078179494158787,0.21097347861842106,0.006002182641888581,10,hyacinth_preset_t70
0.03689676984238605,0.005078094598706155,0.040506784539473685,0.005701032842574924,0.044651352521962416,0.005003323194700683,0.06178556743421053,0.006403437088957299,0.022783673432957265,0.004514343167880815,0.04878700657894737,0.010775600813875059,1.6109927148902408,0.03527850950589065,3.031453976652097,0.01958037164345807,1.0980000000000003,2.220446049250313e-16,213928372110.0,4991325697.459917,18715.3,110.40747257319134,40 ToRs,0.1468107701840658,0.00783731162768274,0.12738486842105262,0.005683896701173109,0.8043073301523727,0.001129380737573409,0.7102306308809282,0.011891544094475064,6.6595321,0.5093855783087091,4.301559884,0.09861753231292449,0.2881650624464201,0.007727015719115297,0.2986842105263158,0.0098156720532951,0.08361941036975767,0.0035630479646730677,0.12765213815789472,0.005103448736832658,0.039556149199509685,0.005400944503647806,0.03807051809210526,0.005674726180776694,40.0,0.0,4.11347199,0.3255425302753526,2.3756571848333334,0.07890317603117232,3.453797871,0.12099265444863166,0.3375168120029409,0.006673592928814927,0.25712890625000007,0.005353052006156329,10,hyacinth_preset_t80
0.029825578915611866,0.004647729483184502,0.04367290296052632,0.006364273310175512,0.017361828878024784,0.003560561951587174,0.03860505756578947,0.005580010340322387,0.007649293081389204,0.0016063291801132048,0.018544407894736846,0.004937411156976,1.2626467440214468,0.024732902916725592,2.90868959964859,0.021371285040172758,1.1560000000000001,2.220446049250313e-16,213928372110.0,4991325697.459917,18715.3,110.40747257319134,40 ToRs,0.15058452762691832,0.007396751140290961,0.13315172697368421,0.0050672928097638134,0.9040092860715268,0.000489017393630496,0.8230214278135717,0.007183802955207297,7.420184689999999,0.5405934788287247,4.8348722437500005,0.11461630914438664,0.33395162437189685,0.00844323884719081,0.35659436677631584,0.007475558015645426,0.037357797709975674,0.0015000981269705294,0.06942331414473683,0.0050592500480020385,0.039556149199509685,0.005400944503647806,0.03807051809210526,0.005674726180776694,40.0,0.0,3.6946794699999996,0.3019622835507609,1.8834304169166667,0.04952479132000262,2.980634952,0.1347357795345971,0.38371320021667354,0.006295740684646871,0.30193770559210525,0.006037036786852251,10,hyacinth_preset_t90
0.01879917697443774,0.0033091893790520716,0.01868832236842105,0.0017332950859041602,0.037577130626037035,0.003931569330193272,0.03672388980263159,0.003788787651426429,0.06577464125487917,0.0055103747210062705,0.06751644736842106,0.004588505364370457,0.9285903634167012,0.011300989832253064,2.6729938809880474,0.00744501088165691,nan,nan,213928372110.0,4991325697.459917,18715.3,110.40747257319134,40 ToRs,0.24088924046802096,0.006449033880062331,0.24047080592105266,0.003085269013555317,0.8728021621023994,0.00774914910944444,0.872201758785673,0.0063690378077851635,6.799290210000001,0.4961269049455621,4.674198359797468,0.13153380884786367,0.0,0.0,0.0,0.0,0.0,0.0,0.0,0.0,0.039556149199509685,0.005400944503647806,0.03807051809210526,0.005674726180776694,40.0,0.0,3.1027811,0.3218192943085048,1.6497653654166669,0.0505840256708902,2.5035653989999997,0.09928454447328383,0.5974036614771154,0.013121283543302643,0.5985300164473684,0.008147973340582473,10,ocs_eps_global_ksp
0.0654345004635161,0.0064461144686354275,0.06535259046052631,0.007325264670241254,0.11933955917672026,0.012184611468556577,0.12145353618421054,0.013642647361023346,0.22419981375513182,0.013956135967988142,0.24347759046052633,0.013065403563852423,1.0798545994514392,0.0438395230576788,2.185222956483809,0.017715499980062624,nan,nan,213928372110.0,4991325697.459917,18715.3,110.40747257319134,40 ToRs,0.551469977405122,0.01622728486525878,0.5316457648026316,0.016765608387086763,0.5741487299409928,0.01536284550764671,0.5526841785161847,0.017059699840432232,5.6445966,0.7548503746851544,3.0782150031602566,0.10122305147065538,0.0,0.0,0.0,0.0,0.0,0.0,0.0,0.0,0.039556149199509685,0.005400944503647806,0.03807051809210526,0.005674726180776694,40.0,0.0,3.7085644,0.45698482741199187,1.8139631190833332,0.10029636617265578,2.8819575449999997,0.2583082071475638,0.0,0.0,0.0,0.0,10,ocs_eps_pruned
0.02616299411842804,0.002262818206225689,0.025801809210526317,0.0022306980277059275,0.07573807482783165,0.007811853453796632,0.07562191611842105,0.006169649605286784,0.21690501520223093,0.008077185964291033,0.21565583881578948,0.00657934087279176,3.7013814260674733,0.014125370456650074,3.7013814260674733,0.014125370456650074,nan,nan,213928372110.0,4991325697.459917,18715.3,110.40747257319134,40 ToRs,0.0,0.0,0.0,0.0,0.0,0.0,0.0,0.0,0.0,0.0,nan,nan,0.0,0.0,0.0,0.0,0.6416377666519997,0.011081892738530434,0.6448499177631579,0.006401924903700742,0.039556149199509685,0.005400944503647806,0.03807051809210526,0.005674726180776694,40.0,0.0,8.07655157,0.3434840780673481,4.9406261726250005,0.11676981573813999,6.839775547999999,0.23123322622722955,0.0,0.0,0.0,0.0,10,pure_ocs_ksp
0.0419402606953913,0.004315920169734901,0.043436472039473685,0.004418702999807648,0.12605148737146915,0.009832954534417297,0.12864925986842107,0.01121563350244279,0.29132003159848746,0.012017299928838557,0.28629728618421046,0.005443232988141762,3.3852374287917213,0.02046560735353534,3.3852374287917213,0.02046560735353534,nan,nan,213928372110.0,4991325697.459917,18715.3,110.40747257319134,40 ToRs,0.0,0.0,0.0,0.0,0.0,0.0,0.0,0.0,0.0,0.0,nan,nan,0.0,0.0,0.0,0.0,0.5011320711351424,0.00841019987848967,0.5035464638157894,0.00840083405500607,0.039556149199509685,0.005400944503647806,0.03807051809210526,0.005674726180776694,40.0,0.0,7.48821384,0.47613226370974726,4.523509035562499,0.11266578168070683,6.2031937505,0.25561946773337235,0.0,0.0,0.0,0.0,10,pure_ocs_ksp_greedy
0.07453725472492996,0.00789356433103423,0.07041015625000001,0.009170002813354155,0.225424143164121,0.01368283637647484,0.22063116776315791,0.016181437459242654,0.48198730824866043,0.019378538300636596,0.49026007401315785,0.018524254416129114,2.8119656621694475,0.021158451338320772,2.8119656621694475,0.021158451338320772,nan,nan,213928372110.0,4991325697.459917,18715.3,110.40747257319134,40 ToRs,0.0,0.0,0.0,0.0,0.0,0.0,0.0,0.0,0.0,0.0,nan,nan,0.0,0.0,0.0,0.0,0.17849514466277902,0.013070990832472224,0.18062808388157897,0.009361019964866376,0.039556149199509685,0.005400944503647806,0.03807051809210526,0.005674726180776694,40.0,0.0,8.198226169999998,1.3226745908256163,3.7379121258124997,0.0776140492637447,5.9491539059999985,0.2304863799446233,0.0,0.0,0.0,0.0,10,pure_ocs_pruned
0.019079550722133173,0.002491273382904568,0.008861890889830509,0.0012327826390043655,0.1165990321282093,0.007296693808715439,0.0562599311440678,0.0020243327101930227,0.5576501854760576,0.010696633736789416,0.26574748411016946,0.005255777499298113,1.3020435013255862,0.014248189808239544,2.4428058895681364,0.0084915908035101,1.2390000000000003,2.220446049250313e-16,333359818660.0,11199570493.51509,29366.8,130.59310854712052,80 ToRs,0.09643529481299871,0.000509112393815297,0.5544921875,0.0035406056853698824,0.09915319460462149,0.000340862035645507,0.5703811941212751,0.0036670247956370862,0.9037620000000001,0.08972336215278603,0.4200427090306868,0.01413008576715965,0.0,0.0,0.0,0.0,0.18282866481611065,0.01132041504639724,0.08679157838983051,0.005643026409146221,0.027407272044490706,0.004750037425152833,0.0278469279661017,0.004323129917476182,80.0,0.0,4.4487,0.28013677016771654,1.6258467857142858,0.050943562771783614,2.8122999999999996,0.1161801080219843,0.0,0.0,0.0,0.0,10,helios_t10
0.016949647964020216,0.0023605782636361167,0.0063261387711864405,0.001030953952964585,0.1036883744313046,0.007021193459533836,0.04066803495762712,0.001794779357977227,0.4965540442826514,0.009740623761704374,0.19246226165254238,0.004226216220692425,0.941434162365025,0.01626126271889722,2.3201425705779846,0.00749950533681818,1.097,0.0,333359818660.0,11199570493.51509,29366.8,130.59310854712052,80 ToRs,0.19293326617700554,0.0012319070264872902,0.6701536016949152,0.00510179065833819,0.19836942347608782,0.0006462838802559821,0.68935420410648,0.004908154868809827,1.7563887399999998,0.10732480867303887,0.8403476474691637,0.028107331640016782,0.0,0.0,0.0,0.0,0.16246739510052752,0.01007714691395057,0.06254303495762711,0.004271111703977751,0.027407272044490706,0.004750037425152833,0.0278469279661017,0.004323129917476182,80.0,0.0,4.103,0.27114756130195966,1.4467255357142856,0.0454142687225427,2.553699999999999,0.10031605056021693,0.0,0.0,0.0,0.0,10,helios_t20
0.014734123551672612,0.0022110049682051505,0.004452462923728815,0.0007511356693679953,0.09063834315387495,0.006857062050088419,0.02957494703389831,0.001574169005085061,0.43529456016712925,0.008738249887637337,0.14059520656779662,0.0027629074244836273,0.687537759479562,0.01486282142497246,2.234169132194114,0.006750595474902886,1.0850000000000002,2.220446049250313e-16,333359818660.0,11199570493.51509,29366.8,130.59310854712052,80 ToRs,0.2895125836935163,0.0017221109308215299,0.7517809851694915,0.005347568361113893,0.29767080077156954,0.0009688223108494984,0.7733156863572759,0.004332709418473681,2.4296379100000003,0.10554327985004493,1.2609984734996733,0.04165284977566231,0.0,0.0,0.0,0.0,0.14241311738931622,0.009244665092956668,0.04574947033898306,0.003502690093832227,0.027407272044490706,0.004750037425152833,0.0278469279661017,0.004323129917476182,80.0,0.0,3.7400000000000007,0.31454729374133866,1.2678321428571429,0.04010286295698771,2.27035,0.09703145108674811,0.0,0.0,0.0,0.0,10,helios_t30
0.012976750681079247,0.0021465832288855885,0.003360037076271186,0.0006591317600388686,0.07774181547306627,0.006473012365132094,0.02153072033898305,0.0012191195672518426,0.37313958454679014,0.007527152036880868,0.10182733050847456,0.0018246178203814448,0.49917177032402593,0.014278522381393866,2.169882876839981,0.006144889780876979,1.212,0.0,333359818660.0,11199570493.51509,29366.8,130.59310854712052,80 ToRs,0.3862495724897396,0.0023472862151011037,0.8120961334745763,0.005884826491795152,0.3971335052974771,0.00131356968722294,0.8353555532579776,0.004268397069080254,3.23260505,0.191187419550478,1.682328441555158,0.05513533983276722,0.0,0.0,0.0,0.0,0.122485004764834,0.008226404590038164,0.03333885063559322,0.0029004098518986923,0.027407272044490706,0.004750037425152833,0.0278469279661017,0.004323129917476182,80.0,0.0,3.3729999999999998,0.32329707700503574,1.0880642857142857,0.03446342171381842,1.9799499999999992,0.08633986622644275,0.0,0.0,0.0,0.0,10,helios_t40
0.010997152381788437,0.001823296589603618,0.002390095338983051,0.00041972711495221046,0.06436217033994263,0.006061513207732309,0.015072166313559324,0.000997963312618825,0.3130365828837898,0.006165786878365418,0.0722854872881356,0.0016270246532470195,0.352864341390838,0.013014462207000076,2.1200615930810303,0.005577294952837114,1.4209999999999998,2.220446049250313e-16,333359818660.0,11199570493.51509,29366.8,130.59310854712052,80 ToRs,0.4821899754757939,0.0023699787418367205,0.8589976165254237,0.006000840330321819,0.49577883834417114,0.0010050146244917114,0.8835986258450962,0.003801971894669576,4.04195225,0.2751978905301755,2.1002224158714258,0.06900029824797191,0.0,0.0,0.0,0.0,0.10200684687419445,0.0065769192062212906,0.02340770656779661,0.0021859774361310557,0.027407272044490706,0.004750037425152833,0.0278469279661017,0.004323129917476182,80.0,0.0,2.9490000000000003,0.26519615381826334,0.9099839285714285,0.028623185765963517,1.7115999999999996,0.057255043445970856,0.0,0.0,0.0,0.0,10,helios_t50
0.009047511080367434,0.0015454679140210657,0.0016386387711864406,0.0002946983218810391,0.051351807886856934,0.004989829189307214,0.010129766949152541,0.000851739958306979,0.252746236734707,0.0053821125276056194,0.049364406779661016,0.00143578990390237,0.23984470963524443,0.009159871837474786,2.081583199959812,0.003869689103373963,1.589,0.0,333359818660.0,11199570493.51509,29366.8,130.59310854712052,80 ToRs,0.5777722257264349,0.0029626470766884235,0.8952297404661016,0.0054435283321219415,0.5940549246735534,0.0015555370636559879,0.9208692451622837,0.002685810929569289,4.78052105,0.45459602883617284,2.5165593382650435,0.08334447596311378,0.0,0.0,0.0,0.0,0.0816749465271431,0.005306677753044543,0.015790519067796615,0.0014436451259134215,0.027407272044490706,0.004750037425152833,0.0278469279661017,0.004323129917476182,80.0,0.0,2.524,0.22725316279427218,0.7326519582162023,0.023093504980950447,1.4344499999999996,0.031819373029649566,0.0,0.0,0.0,0.0,10,helios_t60
0.0070057472126249815,0.0013791107290172075,0.001085805084745763,0.00019404595987490523,0.03886337532316212,0.003698035199041325,0.00648834745762712,0.0005288327740390851,0.1920195283540317,0.004702332888958104,0.031991525423728816,0.0012020103651001859,0.1552962857362455,0.0054632353880437684,2.052843490461967,0.002168220899473303,1.8050000000000002,2.220446049250313e-16,333359818660.0,11199570493.51509,29366.8,130.59310854712052,80 ToRs,0.6729786155686923,0.003423960159546241,0.9223550052966102,0.004799784703564533,0.6919452176924393,0.0020552569504330037,0.9487736023628603,0.0017257787450452762,5.568311620000001,0.449744420584827,2.931232440812063,0.0967881192772684,0.0,0.0,0.0,0.0,0.06172546149699813,0.0044773490310002955,0.010232388771186441,0.0008716366750722368,0.027407272044490706,0.004750037425152833,0.0278469279661017,0.004323129917476182,80.0,0.0,2.078,0.21296948138172286,0.5604628300394994,0.01884881583365598,1.1793,0.033965570803388495,0.0,0.0,0.0,0.0,10,helios_t70
0.00488463499517348,0.0013084483566027424,0.0006918697033898306,0.00016247869692542408,0.02623839668498367,0.0029140465169824373,0.003912870762711865,0.00042927873616121104,0.13113021332129451,0.004523929715978916,0.01945180084745763,0.0011095655617110066,0.0942344947900247,0.0036955201772599857,2.0320203647910455,0.0014635138092166048,2.0249999999999995,4.440892098500626e-16,333359818660.0,11199570493.51509,29366.8,130.59310854712052,80 ToRs,0.7682488379597792,0.003919960467979114,0.9419127383474578,0.004451153346097615,0.7898983473155103,0.0015062825283345903,0.9688929350005105,0.0011869315782972547,6.533587539999999,0.5533649669188107,3.346174004769425,0.10991363903441949,0.0,0.0,0.0,0.0,0.04209064499427855,0.004250211174168323,0.0061837923728813565,0.0006527078172359716,0.027407272044490706,0.004750037425152833,0.0278469279661017,0.004323129917476182,80.0,0.0,1.508,0.08084553172563098,0.3948880393009059,0.013615921168559619,0.87395,0.03228966552939198,0.0,0.0,0.0,0.0,10,helios_t80
0.0026125549022449146,0.0009559671934308439,0.0003542108050847457,0.00013491580953598273,0.014210825920966097,0.0020589578783627663,0.0020292637711864406,0.00027017660755747754,0.06839434212010148,0.002763641159141605,0.009669623940677965,0.0006266071856864681,0.047115063403272664,0.0020692121245090246,2.015950958485836,0.0008485629974480758,2.204,0.0,333359818660.0,11199570493.51509,29366.8,130.59310854712052,80 ToRs,0.8650886100306915,0.004688436187025847,0.9570047669491526,0.00426936021730547,0.8894647997899068,0.0011872249185015235,0.9844179475412818,0.0006698313674766803,7.287072760000001,0.5544587230600294,3.7680238875398855,0.12565082483489703,0.0,0.0,0.0,0.0,0.022286394981505243,0.0032252017394473606,0.0030952065677966097,0.0004620917687022713,0.027407272044490706,0.004750037425152833,0.0278469279661017,0.004323129917476182,80.0,0.0,1.018,0.08634813257969162,0.23442906351359283,0.0067465262704539345,0.5514999999999997,0.03088122406900335,0.0,0.0,0.0,0.0,10,helios_t90
0.02365013814197581,0.0029862139463825133,0.022245762711864406,0.0032403544082172595,0.12690698881952045,0.009789754866769324,0.1226032838983051,0.0045888190648299375,0.4564523497122618,0.011418765362819288,0.43845670021186445,0.00839834616064051,2.2116438872100823,0.013767964158324276,2.861087490800116,0.007973835326749388,1.0,0.0,333359818660.0,11199570493.51509,29366.8,130.59310854712052,80 ToRs,0.0801455161501501,0.0015316866435234903,0.04113810911016949,0.0013271326700435462,0.3183245616181158,0.0025469460288562226,0.32472180179501686,0.003791922620120731,2.4603621799999997,0.17508043274334678,1.326240548875,0.03892662878863562,0.10259233012424426,0.002217628139372966,0.1538003177966102,0.0028223791931996523,0.05598136857859094,0.006040141550146386,0.07316604872881356,0.006871968981211874,0.027407272044490706,0.004750037425152833,0.0278469279661017,0.004323129917476182,80.0,0.0,2.59780744,0.10960883538863278,1.2854012887321429,0.04161095749625712,1.9653016484999999,0.05482674165913266,0.12686403642876584,0.0020347409879400992,0.12074284957627117,0.0032014725306042813,10,hyacinth_dynamic
0.0284422115918646,0.004103576525967794,0.027055746822033898,0.0030823917000182962,0.1865691040827199,0.012538624068529708,0.1856097722457627,0.007587181027611126,0.5748450902772276,0.01268594407564838,0.627737685381356,0.011655796343171666,2.7768950561095167,0.016151597758850736,2.836495132697081,0.014699829262734138,1.1009999999999998,2.220446049250313e-16,333359818660.0,11199570493.51509,29366.8,130.59310854712052,80 ToRs,0.06877220954222181,0.0027324060086047148,0.022033898305084745,0.002631876013149794,0.1088532671554874,0.0005004637102583581,0.029800038293782093,0.0030648835310055182,1.4543801,0.1884581609909478,0.4734507781732306,0.01574787025203123,0.006703167151451102,0.0007869653053485837,0.0018836069915254237,0.0005133653337850622,0.07686618143434107,0.007738040775752841,0.102784030720339,0.009180785721665885,0.027407272044490706,0.004750037425152833,0.0278469279661017,0.004323129917476182,80.0,0.0,3.36714717,0.1504552078742112,1.5120769634464284,0.04716391237430214,2.399754553499999,0.08359305805840304,0.030394763875683174,0.003144598286575108,0.00504833156779661,0.0003911996858876421,10,hyacinth_preset_t10
0.02889897919807295,0.003937759885586276,0.026939883474576272,0.0030717699125873215,0.18819788174720503,0.011000072389817902,0.1866889565677966,0.008412293918337066,0.49533715423743024,0.011534464124696686,0.611129502118644,0.011501152900831776,2.6810187874839966,0.018197645379916704,2.8046126333430523,0.01483361898013549,1.049,0.0,333359818660.0,11199570493.51509,29366.8,130.59310854712052,80 ToRs,0.1058189088116088,0.0036822742361233636,0.036715439618644076,0.003329738492894659,0.20650874520029455,0.0010655195291593264,0.061796922929527744,0.003992652833745843,2.51264218,0.2836133663384213,0.8707400617599383,0.02465659738809937,0.02765351496317049,0.003225253936972205,0.00897113347457627,0.0010446338352682425,0.05930929146673679,0.007048382194617578,0.08732123940677966,0.008296845980091111,0.027407272044490706,0.004750037425152833,0.0278469279661017,0.004323129917476182,80.0,0.0,3.02815914,0.17880958413037715,1.3608710295,0.043376359647198916,2.167486650999999,0.07353892351195453,0.06737699753128501,0.00310696458430224,0.014386917372881359,0.0005800634564038534,10,hyacinth_preset_t20
0.029947074985821737,0.0036013851524051214,0.02759864936440678,0.0027464616376471924,0.18779762870447334,0.011884278451029929,0.1874172404661017,0.006490445663691342,0.4133647334164068,0.011709025743337174,0.5732289459745763,0.012017390607162162,2.54476169337477,0.013115991796938979,2.7727605049325583,0.00961383578671799,1.049,0.0,333359818660.0,11199570493.51509,29366.8,130.59310854712052,80 ToRs,0.1301205265523564,0.004881116128898959,0.051396980932203386,0.00340358722935254,0.30434932531141856,0.0005582042033327522,0.11399940577889409,0.004785642293584912,3.63786016,0.24410995484194092,1.2738475622001033,0.04374913359283436,0.059984431630810645,0.004853498623800786,0.02739009533898305,0.002254814446442551,0.045475101220152955,0.0061432831465398526,0.07308328919491525,0.007649947518934675,0.027407272044490706,0.004750037425152833,0.0278469279661017,0.004323129917476182,80.0,0.0,2.68493058,0.15683591423026683,1.2199984139107143,0.03811181109387465,1.9525417384999995,0.05082802862193741,0.10590323144548741,0.0031282920027353657,0.03203787076271187,0.0018100734197252974,10,hyacinth_preset_t30
0.03191731324284876,0.003947059526076974,0.02906845868644068,0.003881863616544011,0.18579756345781723,0.011501337442866282,0.18717558262711864,0.006753401899951211,0.32971741869303967,0.009646405141088958,0.5031349311440678,0.011103988748077573,2.3304584774395556,0.01851800783746196,2.7347106553642524,0.010347822572136041,1.189,0.0,333359818660.0,11199570493.51509,29366.8,130.59310854712052,80 ToRs,0.14675978367371253,0.005069162548289572,0.0688824152542373,0.002217500902057072,0.4040820184286928,0.0006331777244339036,0.2021260889623484,0.007171971571183847,4.68125223,0.44036075010458414,1.6913094343629969,0.058644096555005014,0.09890345642321394,0.0051457419355388735,0.0639698093220339,0.0042877605092999345,0.03215417665627303,0.0044016171360799425,0.05627648305084747,0.006796963482635055,0.027407272044490706,0.004750037425152833,0.0278469279661017,0.004323129917476182,80.0,0.0,2.53940156,0.15536958232125225,1.0817626640535714,0.0346868508412063,1.7840481625,0.059323504326482514,0.1473430158086042,0.004184742938637223,0.06364539194915256,0.003001302081304841,10,hyacinth_preset_t40
0.03380261911944212,0.004325212670596432,0.03072033898305085,0.0033757775175653247,0.17540488477949967,0.008635973514015629,0.18650688559322032,0.006660895314691397,0.24890115138445063,0.007411050141070778,0.40283037605932204,0.010783798330616604,2.0607266475925434,0.02890537490172369,2.6994281394710122,0.0097737526990485,1.391,0.0,333359818660.0,11199570493.51509,29366.8,130.59310854712052,80 ToRs,0.15733293128794412,0.005102882429616746,0.08589115466101696,0.0034425801553533055,0.5051665611090047,0.0006398573956859626,0.3193507459392344,0.01147976380038057,5.71702554,0.45864008923104005,2.1104517381645573,0.07462993194418448,0.13899838664577863,0.0057079100090752025,0.11824682203389829,0.007015259695136304,0.02316308539482686,0.003973938857128286,0.041621424788135596,0.005312642290034838,0.027407272044490706,0.004750037425152833,0.0278469279661017,0.004323129917476182,80.0,0.0,2.54351268,0.20859705568882225,0.9535476359464286,0.0317989261967037,1.6480210509999995,0.03943184672074931,0.19498966934356723,0.0051792615887687465,0.10633606991525424,0.004252875156429865,10,hyacinth_preset_t50
0.03453229732334927,0.004868929506573589,0.03179621292372881,0.00346055208261728,0.1513189405005335,0.007489892107624341,0.18529197563559324,0.005247096469900645,0.1828820552711899,0.009073121212318748,0.30524695444915256,0.015049056632934493,1.8064641205933332,0.03242008865627278,2.6731531314516515,0.008483240421326031,1.6,0.0,333359818660.0,11199570493.51509,29366.8,130.59310854712052,80 ToRs,0.16332548023965177,0.005648426284749043,0.09740797139830508,0.0040634240070800305,0.6052211456102162,0.0005154340581423308,0.43334450542915903,0.012439859767896562,6.71777026,0.4873516914344901,2.5284487472072783,0.08923490771708291,0.17936195857066106,0.004367671303450923,0.17477489406779662,0.006303007829052875,0.015225654315550535,0.003297843506827038,0.02853548728813559,0.004278288504492485,0.027407272044490706,0.004750037425152833,0.0278469279661017,0.004323129917476182,80.0,0.0,2.4777430899999997,0.2473062507437224,0.8397457541428572,0.028749856504345615,1.5681753404999994,0.05970365009712128,0.24594634173457336,0.005430548220235704,0.14909957627118645,0.005354535447580206,10,hyacinth_preset_t60
0.03504811294517389,0.005165990855496596,0.03240532309322034,0.004377507166012151,0.11311506304831209,0.007323845181400562,0.17388440148305084,0.007576291400707585,0.12887982202982926,0.006953167330682944,0.23227290783898305,0.015486212011989178,1.6125845041071933,0.031774830500193814,2.6680620388411644,0.005969664825753644,1.8359999999999999,2.220446049250313e-16,333359818660.0,11199570493.51509,29366.8,130.59310854712052,80 ToRs,0.1665399567998392,0.005650457219552634,0.10454184322033899,0.003819497293430201,0.7044603975662012,0.0004055952649816761,0.5277387673669856,0.013827267596504048,7.547043889999999,0.5491946450614777,2.941215986285467,0.10464076729643661,0.22386024432901758,0.005146032930125595,0.22321239406779664,0.008940062249268514,0.010396686151716497,0.002752867920339463,0.020544226694915256,0.0031014298473005884,0.027407272044490706,0.004750037425152833,0.0278469279661017,0.004323129917476182,80.0,0.0,2.51552572,0.28160468792082205,0.7394465781607142,0.025887126143571474,1.5105447394999993,0.03609779376927638,0.2947528426516207,0.0041482615906395836,0.18529197563559324,0.005799955352788812,10,hyacinth_preset_t70
0.0344463763749594,0.005087953555400608,0.03387513241525424,0.005359732328354088,0.06864959523084165,0.005192425822362126,0.1469047934322034,0.008737701892360866,0.08147105952849024,0.004887137639211738,0.17577131885593222,0.010513242200041701,1.4442094199695745,0.020618826417963334,2.68111496158473,0.009819212333558048,2.119,0.0,333359818660.0,11199570493.51509,29366.8,130.59310854712052,80 ToRs,0.16881630701018902,0.005604936884272091,0.1097259004237288,0.004266289211337681,0.803287918913157,0.000530305554405858,0.6184527708075779,0.009285327437936374,8.48157493,0.6516202993348658,3.3517393702990503,0.11945608369865951,0.2723215777981157,0.006167943889487985,0.27024298199152547,0.006903986628402599,0.006753377838774573,0.002204402874406469,0.01437698622881356,0.002581590240409183,0.027407272044490706,0.004750037425152833,0.0278469279661017,0.004323129917476182,80.0,0.0,2.5557671,0.28374623988883446,0.6461084579107144,0.022437604094696147,1.5155972074999995,0.04944967916012023,0.3401344341741387,0.003444050044190252,0.2212559586864407,0.004431883616739373,10,hyacinth_preset_t80
0.026684266000184653,0.002781784613818579,0.03286877648305085,0.005017001717502202,0.028212902038029612,0.0028937548834603866,0.08941340042372883,0.009923494140507616,0.03629439926564481,0.002722443548804785,0.10645193326271188,0.006931847657614284,1.2192186452973761,0.0178711753571015,2.731426349850247,0.007398745701030136,2.326,0.0,333359818660.0,11199570493.51509,29366.8,130.59310854712052,80 ToRs,0.17033581095160932,0.005398054721734862,0.11427105402542373,0.004091032711626371,0.9032157206936168,0.00037156014081218743,0.7561038522764354,0.009119979871361273,9.321584650000002,0.6874164178921905,3.768719805781646,0.1351814577027357,0.3224341696583518,0.006039853690141363,0.34580243644067793,0.009430567088938116,0.002939900068378712,0.0009162582499286972,0.00833885063559322,0.0019007153530655983,0.027407272044490706,0.004750037425152833,0.0278469279661017,0.004323129917476182,80.0,0.0,2.6941767700000003,0.2768385295093587,0.5585324559272692,0.019588660221434545,1.5140555054999996,0.048474143897684396,0.3856912799733103,0.0033770215150951007,0.2750066207627119,0.005876522745213729,10,hyacinth_preset_t90
0.02186985620931443,0.002760343735073427,0.020362155720338983,0.0026126627785225546,0.1301243312765216,0.006975830609929129,0.131640625,0.003884791408009666,0.19339061115670328,0.0062887937286114385,0.1938095868644068,0.005627963756114024,1.2827231897596703,0.012672669116570504,2.5713004670444968,0.0035867364422125323,nan,nan,333359818660.0,11199570493.51509,29366.8,130.59310854712052,80 ToRs,0.24265791685968874,0.004652452542751723,0.24440876588983054,0.0027478338852405626,0.6448960948022185,0.007852918642634486,0.6442886386424129,0.0065773336714726035,8.939090629999999,0.655133311966545,2.7122195094211015,0.07939642523758472,0.0,0.0,0.0,0.0,0.0,0.0,0.0,0.0,0.027407272044490706,0.004750037425152833,0.0278469279661017,0.004323129917476182,80.0,0.0,3.5676504,0.3650909837103267,0.7648756648087771,0.02983835849153129,2.125383457,0.09820685435233928,0.38455001245328124,0.00734424193895965,0.38193193855932206,0.006266040376896849,10,ocs_eps_global_ksp
0.0370457408877221,0.004783370738757104,0.02886321504237288,0.0036504501488465765,0.19412513362823167,0.011279967514769399,0.16209613347457624,0.009172363657500971,0.5767911355204186,0.008760602583182339,0.6590075476694914,0.00874536155649758,2.396811925040381,0.014527222158563561,2.6481964000473446,0.008434814872209439,nan,nan,333359818660.0,11199570493.51509,29366.8,130.59310854712052,80 ToRs,0.16463071791913692,0.002920353759259226,0.12218617584745761,0.00413519503962585,0.1692830581518769,0.0035706699588299935,0.12569223750348152,0.004387864290272031,1.81870003,0.20411704923010257,0.7168952020027438,0.021247000889913003,0.0,0.0,0.0,0.0,0.0,0.0,0.0,0.0,0.027407272044490706,0.004750037425152833,0.0278469279661017,0.004323129917476182,80.0,0.0,2.7533192200000003,0.15037725470683921,1.3194356310178572,0.04623789941709225,2.0355573954999997,0.048876286711656856,0.0,0.0,0.0,0.0,10,ocs_eps_pruned
0.024312898938913443,0.0030769756873816607,0.02489406779661017,0.0024737210927263512,0.17291100953471886,0.006725931287197537,0.17496689618644065,0.006203078762182439,0.7253079690817248,0.012405256482278812,0.7226330773305084,0.009552513096761504,2.819883145020596,0.009537337111737371,2.819883145020596,0.009537337111737371,nan,nan,333359818660.0,11199570493.51509,29366.8,130.59310854712052,80 ToRs,0.0,0.0,0.0,0.0,0.0,0.0,0.0,0.0,0.0,0.0,nan,nan,0.0,0.0,0.0,0.0,0.05006085040015216,0.0048383937201517385,0.04965903072033898,0.004321118020367447,0.027407272044490706,0.004750037425152833,0.0278469279661017,0.004323129917476182,80.0,0.0,3.8708536600000003,0.41732445249692046,1.47082450128125,0.05099379624477975,2.5340870794999995,0.13003645668793612,0.0,0.0,0.0,0.0,10,pure_ocs_ksp
0.03326075257306948,0.0034674719131326482,0.03315677966101695,0.0026939752490871684,0.24311447219315324,0.007965068495085076,0.23463652012711864,0.005468815125153432,0.6732284023223367,0.009839368856153522,0.6749073093220339,0.00728248085117135,2.7207240269257813,0.008498968458831416,2.7207240269257813,0.008498968458831416,nan,nan,333359818660.0,11199570493.51509,29366.8,130.59310854712052,80 ToRs,0.0,0.0,0.0,0.0,0.0,0.0,0.0,0.0,0.0,0.0,nan,nan,0.0,0.0,0.0,0.0,0.022989100866949795,0.0031875896307982836,0.02945246292372881,0.0035813384834313747,0.027407272044490706,0.004750037425152833,0.0278469279661017,0.004323129917476182,80.0,0.0,3.3086847300000004,0.3121714626153103,1.4091279914062498,0.04854921830590173,2.2973841864999995,0.07745155886738822,0.0,0.0,0.0,0.0,10,pure_ocs_ksp_greedy
0.03803094275980544,0.004415035140846979,0.03227621822033898,0.0035909322657959055,0.21981958027603948,0.007854205092210183,0.1762546345338983,0.00601746932763819,0.7144131729597105,0.00966280946039916,0.7632514565677967,0.008021895580498612,2.75266546634162,0.008597758166563833,2.75266546634162,0.008597758166563833,nan,nan,333359818660.0,11199570493.51509,29366.8,130.59310854712052,80 ToRs,0.0,0.0,0.0,0.0,0.0,0.0,0.0,0.0,0.0,0.0,nan,nan,0.0,0.0,0.0,0.0,0.00032903195995379406,0.000359073243737043,0.00037076271186440674,0.00041920461118317607,0.027407272044490706,0.004750037425152833,0.0278469279661017,0.004323129917476182,80.0,0.0,2.9669566400000003,0.2651389854992253,1.4043481585156248,0.048021660072989525,2.1008582019999995,0.08469221475593662,0.0,0.0,0.0,0.0,10,pure_ocs_pruned
